Timestamp,Battery_V,Battery_Pct,GPS_Sats,GPS_Fix,Rel_Alt,Roll,Pitch,Yaw,Mode,Armed,Health
14:41:30.064,15.18,9900.0,12,FIX_3D,-0.05,0.0,0.0,0.0,STABILIZED,False,Gyro Fail|Accel Fail|Mag Fail|Not Armable
14:41:30.165,15.18,9900.0,12,FIX_3D,-0.06,0.0,0.0,0.0,STABILIZED,False,Gyro Fail|Accel Fail|Mag Fail|Not Armable
14:41:30.265,15.18,9900.0,12,FIX_3D,-0.06,0.0,0.0,0.0,STABILIZED,False,Gyro Fail|Accel Fail|Mag Fail|Not Armable
14:41:30.366,15.18,9900.0,12,FIX_3D,-0.06,0.0,0.0,0.0,STABILIZED,False,Gyro Fail|Accel Fail|Mag Fail|Not Armable
14:41:30.466,15.18,9900.0,12,FIX_3D,-0.06,0.0,0.0,0.0,STABILIZED,False,Gyro Fail|Accel Fail|Mag Fail|Not Armable
14:41:30.567,15.18,9900.0,12,FIX_3D,-0.08,0.0,0.0,0.0,STABILIZED,False,Gyro Fail|Accel Fail|Mag Fail|Not Armable
14:41:30.667,15.18,9900.0,12,FIX_3D,-0.09,0.0,0.0,0.0,STABILIZED,False,Gyro Fail|Accel Fail|Mag Fail|Not Armable
14:41:30.767,15.18,9900.0,12,FIX_3D,-0.09,0.0,0.0,0.0,STABILIZED,False,Gyro Fail|Accel Fail|Mag Fail|Not Armable
14:41:30.867,15.18,9900.0,12,FIX_3D,-0.09,0.0,0.0,0.0,STABILIZED,False,Gyro Fail|Accel Fail|Mag Fail|Not Armable
14:41:30.967,15.18,9900.0,12,FIX_3D,-0.1,0.0,0.0,0.0,STABILIZED,False,Gyro Fail|Accel Fail|Mag Fail|Not Armable
14:41:31.067,15.18,9900.0,12,FIX_3D,-0.1,0.0,0.0,0.0,STABILIZED,False,Gyro Fail|Accel Fail|Mag Fail|Not Armable
14:41:31.168,15.18,9900.0,12,FIX_3D,-0.1,0.0,0.0,0.0,STABILIZED,False,Gyro Fail|Accel Fail|Mag Fail|Not Armable
14:41:31.268,15.18,9900.0,12,FIX_3D,-0.1,0.0,0.0,0.0,STABILIZED,False,Gyro Fail|Accel Fail|Mag Fail|Not Armable
14:41:31.368,15.18,9900.0,12,FIX_3D,-0.1,0.0,0.0,0.0,STABILIZED,False,Gyro Fail|Accel Fail|Mag Fail|Not Armable
14:41:31.469,15.18,9900.0,12,FIX_3D,-0.09,0.0,0.0,0.0,STABILIZED,False,Gyro Fail|Accel Fail|Mag Fail|Not Armable
14:41:31.569,15.18,9900.0,12,FIX_3D,-0.09,0.0,0.0,0.0,STABILIZED,False,Gyro Fail|Accel Fail|Mag Fail|Not Armable
14:41:31.669,15.18,9900.0,12,FIX_3D,-0.09,0.0,0.0,0.0,STABILIZED,False,Gyro Fail|Accel Fail|Mag Fail|Not Armable
14:41:31.769,15.18,9900.0,12,FIX_3D,-0.09,0.0,0.0,0.0,STABILIZED,False,Gyro Fail|Accel Fail|Mag Fail|Not Armable
14:41:31.870,15.18,9900.0,12,FIX_3D,-0.09,0.0,0.0,0.0,STABILIZED,False,Gyro Fail|Accel Fail|Mag Fail|Not Armable
14:41:31.970,15.18,9900.0,12,FIX_3D,-0.1,0.0,0.0,0.0,STABILIZED,False,Gyro Fail|Accel Fail|Mag Fail|Not Armable
14:41:32.070,15.18,9900.0,12,FIX_3D,-0.1,0.0,0.0,0.0,STABILIZED,False,Gyro Fail|Accel Fail|Mag Fail|Not Armable
14:41:32.171,15.18,9900.0,12,FIX_3D,-0.1,0.0,0.0,0.0,STABILIZED,False,Gyro Fail|Accel Fail|Mag Fail|Not Armable
14:41:32.271,15.18,9900.0,12,FIX_3D,-0.09,0.0,0.0,0.0,STABILIZED,False,Gyro Fail|Accel Fail|Mag Fail|Not Armable
14:41:32.371,15.18,9900.0,12,FIX_3D,-0.09,0.0,0.0,0.0,STABILIZED,False,Gyro Fail|Accel Fail|Mag Fail|Not Armable
14:41:32.471,15.18,9900.0,12,FIX_3D,-0.09,0.0,0.0,0.0,STABILIZED,False,Gyro Fail|Accel Fail|Mag Fail|Not Armable
14:41:32.571,15.18,9900.0,12,FIX_3D,-0.08,0.0,0.0,0.0,STABILIZED,False,Gyro Fail|Accel Fail|Mag Fail|Not Armable
14:41:32.671,15.18,9900.0,12,FIX_3D,-0.08,0.0,0.0,0.0,STABILIZED,False,Gyro Fail|Accel Fail|Mag Fail|Not Armable
14:41:32.771,15.18,9900.0,12,FIX_3D,-0.07,0.0,0.0,0.0,STABILIZED,False,Gyro Fail|Accel Fail|Mag Fail|Not Armable
14:41:32.871,15.18,9900.0,12,FIX_3D,-0.06,0.0,0.0,0.0,STABILIZED,False,Gyro Fail|Accel Fail|Mag Fail|Not Armable
14:41:32.972,15.18,9900.0,12,FIX_3D,-0.06,0.0,0.0,0.0,STABILIZED,False,Gyro Fail|Accel Fail|Mag Fail|Not Armable
14:41:33.072,15.18,9900.0,12,FIX_3D,-0.06,0.0,0.0,0.0,STABILIZED,False,Gyro Fail|Accel Fail|Mag Fail|Not Armable
14:41:33.172,15.18,9900.0,11,FIX_3D,-0.04,0.0,0.0,0.0,STABILIZED,False,Gyro Fail|Accel Fail|Mag Fail|Not Armable
14:41:33.272,15.18,9900.0,11,FIX_3D,-0.04,0.0,0.0,0.0,STABILIZED,False,Gyro Fail|Accel Fail|Mag Fail|Not Armable
14:41:33.373,15.18,9900.0,11,FIX_3D,-0.02,0.0,0.0,0.0,STABILIZED,False,Gyro Fail|Accel Fail|Mag Fail|Not Armable
14:41:33.473,15.18,9900.0,11,FIX_3D,-0.02,0.0,0.0,0.0,STABILIZED,False,Gyro Fail|Accel Fail|Mag Fail|Not Armable
14:41:33.573,15.18,9900.0,11,FIX_3D,-0.01,0.0,0.0,0.0,STABILIZED,False,Gyro Fail|Accel Fail|Mag Fail|Not Armable
14:41:33.673,15.18,9900.0,11,FIX_3D,0.01,0.0,0.0,0.0,STABILIZED,False,Gyro Fail|Accel Fail|Mag Fail|Not Armable
14:41:33.773,15.18,9900.0,11,FIX_3D,0.01,0.0,0.0,0.0,STABILIZED,False,Gyro Fail|Accel Fail|Mag Fail|Not Armable
14:41:33.873,15.18,9900.0,11,FIX_3D,0.01,0.0,0.0,0.0,STABILIZED,False,Gyro Fail|Accel Fail|Mag Fail|Not Armable
14:41:33.973,15.18,9900.0,11,FIX_3D,0.04,0.0,0.0,0.0,STABILIZED,False,Gyro Fail|Accel Fail|Mag Fail|Not Armable
14:41:34.073,15.18,9900.0,11,FIX_3D,0.04,0.0,0.0,0.0,STABILIZED,False,Gyro Fail|Accel Fail|Mag Fail|Not Armable
14:41:34.173,15.18,9900.0,11,FIX_3D,0.06,0.0,0.0,0.0,STABILIZED,False,Gyro Fail|Accel Fail|Mag Fail|Not Armable
14:41:34.273,15.18,9900.0,11,FIX_3D,0.06,0.0,0.0,0.0,STABILIZED,False,Gyro Fail|Accel Fail|Mag Fail|Not Armable
14:41:34.374,15.18,9900.0,11,FIX_3D,0.09,0.0,0.0,0.0,STABILIZED,False,Gyro Fail|Accel Fail|Mag Fail|Not Armable
14:41:34.475,15.18,9900.0,11,FIX_3D,0.11,0.0,0.0,0.0,STABILIZED,False,Gyro Fail|Accel Fail|Mag Fail|Not Armable
14:41:34.575,15.18,9900.0,11,FIX_3D,0.11,0.0,0.0,0.0,STABILIZED,False,Gyro Fail|Accel Fail|Mag Fail|Not Armable
14:41:34.675,15.18,9900.0,11,FIX_3D,0.11,0.0,0.0,0.0,STABILIZED,False,Gyro Fail|Accel Fail|Mag Fail|Not Armable
14:41:34.776,15.18,9900.0,11,FIX_3D,0.12,0.0,0.0,0.0,STABILIZED,False,Gyro Fail|Accel Fail|Mag Fail|Not Armable
14:41:34.877,15.18,9900.0,11,FIX_3D,0.12,0.0,0.0,0.0,STABILIZED,False,Gyro Fail|Accel Fail|Mag Fail|Not Armable
14:41:34.978,15.1,9900.0,11,FIX_3D,0.12,0.0,0.0,0.0,STABILIZED,False,Gyro Fail|Accel Fail|Mag Fail|Not Armable
14:41:35.078,15.1,9900.0,11,FIX_3D,0.14,0.0,0.0,0.0,STABILIZED,False,Gyro Fail|Accel Fail|Mag Fail|Not Armable
14:41:35.178,15.1,9900.0,11,FIX_3D,0.14,0.0,0.0,0.0,STABILIZED,False,Gyro Fail|Accel Fail|Mag Fail|Not Armable
14:41:35.279,15.1,9900.0,11,FIX_3D,0.13,0.0,0.0,0.0,STABILIZED,False,Gyro Fail|Accel Fail|Mag Fail|Not Armable
14:41:35.380,15.1,9900.0,11,FIX_3D,0.13,0.0,0.0,0.0,STABILIZED,False,Gyro Fail|Accel Fail|Mag Fail|Not Armable
14:41:35.480,15.1,9900.0,11,FIX_3D,0.12,0.0,0.0,0.0,STABILIZED,False,Gyro Fail|Accel Fail|Mag Fail|Not Armable
14:41:35.581,15.1,9900.0,11,FIX_3D,0.12,0.0,0.0,0.0,STABILIZED,False,Gyro Fail|Accel Fail|Mag Fail|Not Armable
14:41:35.681,15.1,9900.0,11,FIX_3D,0.12,0.0,0.0,0.0,STABILIZED,False,Gyro Fail|Accel Fail|Mag Fail|Not Armable
14:41:35.782,15.1,9900.0,11,FIX_3D,0.12,0.0,0.0,0.0,STABILIZED,False,Gyro Fail|Accel Fail|Mag Fail|Not Armable
14:41:35.882,15.18,9900.0,11,FIX_3D,0.11,0.0,0.0,0.0,STABILIZED,False,Gyro Fail|Accel Fail|Mag Fail|Not Armable
14:41:35.982,15.18,9900.0,11,FIX_3D,0.11,0.0,0.0,0.0,STABILIZED,False,Gyro Fail|Accel Fail|Mag Fail|Not Armable
14:41:36.082,15.18,9900.0,11,FIX_3D,0.1,0.0,0.0,0.0,STABILIZED,False,Gyro Fail|Accel Fail|Mag Fail|Not Armable
14:41:36.183,15.18,9900.0,11,FIX_3D,0.1,0.0,0.0,0.0,STABILIZED,False,Gyro Fail|Accel Fail|Mag Fail|Not Armable
14:41:36.283,15.18,9900.0,11,FIX_3D,0.1,0.0,0.0,0.0,STABILIZED,False,Gyro Fail|Accel Fail|Mag Fail|Not Armable
14:41:36.385,15.18,9900.0,11,FIX_3D,0.1,0.0,0.0,0.0,STABILIZED,False,Gyro Fail|Accel Fail|Mag Fail|Not Armable
14:41:36.486,15.18,9900.0,11,FIX_3D,0.1,0.0,0.0,0.0,STABILIZED,False,Gyro Fail|Accel Fail|Mag Fail|Not Armable
14:41:36.587,15.18,9900.0,11,FIX_3D,0.1,0.0,0.0,0.0,STABILIZED,False,Gyro Fail|Accel Fail|Mag Fail|Not Armable
14:41:36.687,15.18,9900.0,11,FIX_3D,0.12,0.0,0.0,0.0,STABILIZED,False,Gyro Fail|Accel Fail|Mag Fail|Not Armable
14:41:36.787,15.18,9900.0,11,FIX_3D,0.12,0.0,0.0,0.0,STABILIZED,False,Gyro Fail|Accel Fail|Mag Fail|Not Armable
14:41:36.888,15.17,9900.0,11,FIX_3D,0.12,0.0,0.0,0.0,STABILIZED,False,Gyro Fail|Accel Fail|Mag Fail|Not Armable
14:41:36.988,15.17,9900.0,11,FIX_3D,0.16,0.0,0.0,0.0,STABILIZED,False,Gyro Fail|Accel Fail|Mag Fail|Not Armable
14:41:37.089,15.17,9900.0,11,FIX_3D,0.16,0.0,0.0,0.0,STABILIZED,False,Gyro Fail|Accel Fail|Mag Fail|Not Armable
14:41:37.189,15.17,9900.0,11,FIX_3D,0.22,0.0,0.0,0.0,STABILIZED,False,Gyro Fail|Accel Fail|Mag Fail|Not Armable
14:41:37.289,15.17,9900.0,11,FIX_3D,0.22,0.0,0.0,0.0,STABILIZED,False,Gyro Fail|Accel Fail|Mag Fail|Not Armable
14:41:37.390,15.17,9900.0,11,FIX_3D,0.26,0.0,0.0,0.0,STABILIZED,False,Gyro Fail|Accel Fail|Mag Fail|Not Armable
14:41:37.490,15.17,9900.0,11,FIX_3D,0.29,0.0,0.0,0.0,STABILIZED,False,Gyro Fail|Accel Fail|Mag Fail|Not Armable
14:41:37.591,15.17,9900.0,11,FIX_3D,0.29,0.0,0.0,0.0,STABILIZED,False,Gyro Fail|Accel Fail|Mag Fail|Not Armable
14:41:37.692,15.17,9900.0,11,FIX_3D,0.29,0.0,0.0,0.0,STABILIZED,False,Gyro Fail|Accel Fail|Mag Fail|Not Armable
14:41:37.792,15.17,9900.0,11,FIX_3D,0.29,0.0,0.0,0.0,STABILIZED,False,Gyro Fail|Accel Fail|Mag Fail|Not Armable
14:41:37.892,15.17,9900.0,11,FIX_3D,0.29,0.0,0.0,0.0,STABILIZED,False,Gyro Fail|Accel Fail|Mag Fail|Not Armable
14:41:37.992,15.12,9900.0,11,FIX_3D,0.26,0.0,0.0,0.0,STABILIZED,False,Gyro Fail|Accel Fail|Mag Fail|Not Armable
14:41:38.092,15.12,9900.0,11,FIX_3D,0.22,0.0,0.0,0.0,OFFBOARD,False,Gyro Fail|Accel Fail|Mag Fail|Not Armable
14:41:38.192,15.12,9900.0,11,FIX_3D,0.22,0.0,0.0,0.0,OFFBOARD,False,Gyro Fail|Accel Fail|Mag Fail|Not Armable
14:41:38.293,15.12,9900.0,11,FIX_3D,0.17,0.0,0.0,0.0,OFFBOARD,False,Gyro Fail|Accel Fail|Mag Fail|Not Armable
14:41:38.393,15.12,9900.0,11,FIX_3D,0.17,0.0,0.0,0.0,OFFBOARD,False,Gyro Fail|Accel Fail|Mag Fail|Not Armable
14:41:38.494,15.12,9900.0,11,FIX_3D,0.12,0.0,0.0,0.0,OFFBOARD,False,Gyro Fail|Accel Fail|Mag Fail|Not Armable
14:41:38.594,15.12,9900.0,11,FIX_3D,0.12,0.0,0.0,0.0,OFFBOARD,False,Gyro Fail|Accel Fail|Mag Fail|Not Armable
14:41:38.694,15.12,9900.0,11,FIX_3D,0.12,0.0,0.0,0.0,OFFBOARD,False,Gyro Fail|Accel Fail|Mag Fail|Not Armable
14:41:38.794,15.12,9900.0,11,FIX_3D,0.08,0.0,0.0,0.0,OFFBOARD,False,Gyro Fail|Accel Fail|Mag Fail|Not Armable
14:41:38.895,15.18,9900.0,11,FIX_3D,0.04,0.0,0.0,0.0,OFFBOARD,False,Gyro Fail|Accel Fail|Mag Fail|Not Armable
14:41:38.995,15.18,9900.0,11,FIX_3D,0.04,0.0,0.0,0.0,OFFBOARD,False,Gyro Fail|Accel Fail|Mag Fail|Not Armable
14:41:39.095,15.18,9900.0,11,FIX_3D,0.01,0.0,0.0,0.0,OFFBOARD,False,Gyro Fail|Accel Fail|Mag Fail|Not Armable
14:41:39.196,15.18,9900.0,11,FIX_3D,0.01,0.0,0.0,0.0,OFFBOARD,False,Gyro Fail|Accel Fail|Mag Fail|Not Armable
14:41:39.297,15.18,9900.0,11,FIX_3D,-0.01,0.0,0.0,0.0,OFFBOARD,False,Gyro Fail|Accel Fail|Mag Fail|Not Armable
14:41:39.397,15.18,9900.0,11,FIX_3D,-0.01,0.0,0.0,0.0,OFFBOARD,False,Gyro Fail|Accel Fail|Mag Fail|Not Armable
14:41:39.497,15.18,9900.0,11,FIX_3D,-0.01,0.0,0.0,0.0,OFFBOARD,False,Gyro Fail|Accel Fail|Mag Fail|Not Armable
14:41:39.598,15.18,9900.0,11,FIX_3D,-0.04,0.0,0.0,0.0,OFFBOARD,False,Gyro Fail|Accel Fail|Mag Fail|Not Armable
14:41:39.698,15.18,9900.0,11,FIX_3D,-0.06,0.0,0.0,0.0,OFFBOARD,False,Gyro Fail|Accel Fail|Mag Fail|Not Armable
14:41:39.798,15.18,9900.0,11,FIX_3D,-0.06,0.0,0.0,0.0,OFFBOARD,False,Gyro Fail|Accel Fail|Mag Fail|Not Armable
14:41:39.898,15.18,9900.0,11,FIX_3D,-0.06,0.0,0.0,0.0,OFFBOARD,False,Gyro Fail|Accel Fail|Mag Fail|Not Armable
14:41:39.999,15.17,9900.0,11,FIX_3D,-0.06,0.0,0.0,0.0,OFFBOARD,False,Gyro Fail|Accel Fail|Mag Fail|Not Armable
14:41:40.099,15.17,9900.0,11,FIX_3D,-0.06,0.0,0.0,0.0,OFFBOARD,False,Gyro Fail|Accel Fail|Mag Fail|Not Armable
14:41:40.200,15.17,9900.0,11,FIX_3D,-0.07,0.0,0.0,0.0,OFFBOARD,False,Gyro Fail|Accel Fail|Mag Fail|Not Armable
14:41:40.301,15.17,9900.0,11,FIX_3D,-0.08,0.0,0.0,0.0,OFFBOARD,False,Gyro Fail|Accel Fail|Mag Fail|Not Armable
14:41:40.401,15.17,9900.0,11,FIX_3D,-0.08,0.0,0.0,0.0,OFFBOARD,False,Gyro Fail|Accel Fail|Mag Fail|Not Armable
14:41:40.502,15.17,9900.0,11,FIX_3D,-0.08,0.0,0.0,0.0,OFFBOARD,False,Gyro Fail|Accel Fail|Mag Fail|Not Armable
14:41:40.602,15.17,9900.0,11,FIX_3D,-0.08,0.0,0.0,0.0,OFFBOARD,False,Gyro Fail|Accel Fail|Mag Fail|Not Armable
14:41:40.702,15.17,9900.0,11,FIX_3D,-0.06,0.0,0.0,0.0,OFFBOARD,False,Gyro Fail|Accel Fail|Mag Fail|Not Armable
14:41:40.803,15.17,9900.0,11,FIX_3D,-0.06,0.0,0.0,0.0,OFFBOARD,False,Gyro Fail|Accel Fail|Mag Fail|Not Armable
14:41:40.903,15.17,9900.0,11,FIX_3D,-0.06,0.0,0.0,0.0,OFFBOARD,False,Gyro Fail|Accel Fail|Mag Fail|Not Armable
14:41:41.003,15.17,9900.0,11,FIX_3D,-0.04,0.0,0.0,0.0,OFFBOARD,False,Gyro Fail|Accel Fail|Mag Fail|Not Armable
14:41:41.103,15.17,9900.0,11,FIX_3D,0.0,0.0,0.0,0.0,OFFBOARD,False,Gyro Fail|Accel Fail|Mag Fail|Not Armable
14:41:41.203,15.17,9900.0,11,FIX_3D,0.0,0.0,0.0,0.0,OFFBOARD,False,Gyro Fail|Accel Fail|Mag Fail|Not Armable
14:41:41.304,15.17,9900.0,11,FIX_3D,0.05,0.0,0.0,0.0,OFFBOARD,False,Gyro Fail|Accel Fail|Mag Fail|Not Armable
14:41:41.405,15.17,9900.0,11,FIX_3D,0.05,0.0,0.0,0.0,OFFBOARD,False,Gyro Fail|Accel Fail|Mag Fail|Not Armable
14:41:41.506,15.17,9900.0,11,FIX_3D,0.09,0.0,0.0,0.0,OFFBOARD,False,Gyro Fail|Accel Fail|Mag Fail|Not Armable
14:41:41.606,15.17,9900.0,11,FIX_3D,0.09,0.0,0.0,0.0,OFFBOARD,False,Gyro Fail|Accel Fail|Mag Fail|Not Armable
14:41:41.707,15.17,9900.0,11,FIX_3D,0.11,0.0,0.0,0.0,OFFBOARD,False,Gyro Fail|Accel Fail|Mag Fail|Not Armable
14:41:41.807,15.17,9900.0,11,FIX_3D,0.11,0.0,0.0,0.0,OFFBOARD,False,Gyro Fail|Accel Fail|Mag Fail|Not Armable
14:41:41.909,15.18,9900.0,11,FIX_3D,0.1,0.0,0.0,0.0,OFFBOARD,False,Gyro Fail|Accel Fail|Mag Fail|Not Armable
14:41:42.009,15.18,9900.0,11,FIX_3D,0.1,0.0,0.0,0.0,OFFBOARD,False,Gyro Fail|Accel Fail|Mag Fail|Not Armable
14:41:42.109,15.18,9900.0,11,FIX_3D,0.06,0.0,0.0,0.0,OFFBOARD,False,Gyro Fail|Accel Fail|Mag Fail|Not Armable
14:41:42.209,15.18,9900.0,11,FIX_3D,0.06,0.0,0.0,0.0,OFFBOARD,False,Gyro Fail|Accel Fail|Mag Fail|Not Armable
14:41:42.309,15.18,9900.0,11,FIX_3D,0.02,0.0,0.0,0.0,OFFBOARD,False,Gyro Fail|Accel Fail|Mag Fail|Not Armable
14:41:42.410,15.18,9900.0,11,FIX_3D,0.02,0.0,0.0,0.0,OFFBOARD,False,Gyro Fail|Accel Fail|Mag Fail|Not Armable
14:41:42.510,15.18,9900.0,11,FIX_3D,-0.03,0.0,0.0,0.0,OFFBOARD,False,Gyro Fail|Accel Fail|Mag Fail|Not Armable
14:41:42.611,15.18,9900.0,11,FIX_3D,-0.03,0.0,0.0,0.0,OFFBOARD,False,Gyro Fail|Accel Fail|Mag Fail|Not Armable
14:41:42.711,15.18,9900.0,11,FIX_3D,-0.07,0.0,0.0,0.0,OFFBOARD,False,Gyro Fail|Accel Fail|Mag Fail|Not Armable
14:41:42.812,15.18,9900.0,11,FIX_3D,-0.07,0.0,0.0,0.0,OFFBOARD,False,Gyro Fail|Accel Fail|Mag Fail|Not Armable
14:41:42.912,15.17,9900.0,11,FIX_3D,-0.11,0.0,0.0,0.0,OFFBOARD,False,Gyro Fail|Accel Fail|Mag Fail|Not Armable
14:41:43.012,15.17,9900.0,11,FIX_3D,-0.11,0.0,0.0,0.0,OFFBOARD,False,Gyro Fail|Accel Fail|Mag Fail|Not Armable
14:41:43.113,15.17,9900.0,11,FIX_3D,-0.15,0.0,0.0,0.0,OFFBOARD,False,Gyro Fail|Accel Fail|Mag Fail|Not Armable
14:41:43.214,15.17,9900.0,11,FIX_3D,-0.15,0.0,0.0,0.0,OFFBOARD,False,Gyro Fail|Accel Fail|Mag Fail|Not Armable
14:41:43.314,15.17,9900.0,11,FIX_3D,-0.18,0.0,0.0,0.0,OFFBOARD,False,Gyro Fail|Accel Fail|Mag Fail|Not Armable
14:41:43.414,15.17,9900.0,11,FIX_3D,-0.18,0.0,0.0,0.0,OFFBOARD,False,Gyro Fail|Accel Fail|Mag Fail|Not Armable
14:41:43.515,15.17,9900.0,11,FIX_3D,-0.2,0.0,0.0,0.0,OFFBOARD,False,Gyro Fail|Accel Fail|Mag Fail|Not Armable
14:41:43.616,15.17,9900.0,11,FIX_3D,-0.2,0.0,0.0,0.0,OFFBOARD,False,Gyro Fail|Accel Fail|Mag Fail|Not Armable
14:41:43.716,15.17,9900.0,11,FIX_3D,-0.2,0.0,0.0,0.0,OFFBOARD,False,Gyro Fail|Accel Fail|Mag Fail|Not Armable
14:41:43.817,15.17,9900.0,11,FIX_3D,-0.2,0.0,0.0,0.0,OFFBOARD,False,Gyro Fail|Accel Fail|Mag Fail|Not Armable
14:41:43.917,15.17,9900.0,11,FIX_3D,-0.2,0.0,0.0,0.0,OFFBOARD,False,Gyro Fail|Accel Fail|Mag Fail|Not Armable
14:41:44.017,15.17,9900.0,11,FIX_3D,-0.2,0.0,0.0,0.0,OFFBOARD,False,Gyro Fail|Accel Fail|Mag Fail|Not Armable
14:41:44.118,15.17,9900.0,11,FIX_3D,-0.19,0.0,0.0,0.0,OFFBOARD,False,Gyro Fail|Accel Fail|Mag Fail|Not Armable
14:41:44.219,15.17,9900.0,11,FIX_3D,-0.19,0.0,0.0,0.0,OFFBOARD,False,Gyro Fail|Accel Fail|Mag Fail|Not Armable
14:41:44.320,15.17,9900.0,11,FIX_3D,-0.18,0.0,0.0,0.0,OFFBOARD,False,Gyro Fail|Accel Fail|Mag Fail|Not Armable
14:41:44.420,15.17,9900.0,11,FIX_3D,-0.18,0.0,0.0,0.0,OFFBOARD,False,Gyro Fail|Accel Fail|Mag Fail|Not Armable
14:41:44.521,15.17,9900.0,11,FIX_3D,-0.17,0.0,0.0,0.0,OFFBOARD,False,Gyro Fail|Accel Fail|Mag Fail|Not Armable
14:41:44.621,15.17,9900.0,11,FIX_3D,-0.15,0.0,0.0,0.0,OFFBOARD,False,Gyro Fail|Accel Fail|Mag Fail|Not Armable
14:41:44.722,15.17,9900.0,11,FIX_3D,-0.15,0.0,0.0,0.0,OFFBOARD,False,Gyro Fail|Accel Fail|Mag Fail|Not Armable
14:41:44.822,15.17,9900.0,11,FIX_3D,-0.15,0.0,0.0,0.0,OFFBOARD,False,Gyro Fail|Accel Fail|Mag Fail|Not Armable
14:41:44.923,15.18,9900.0,11,FIX_3D,-0.14,0.0,0.0,0.0,OFFBOARD,False,Gyro Fail|Accel Fail|Mag Fail|Not Armable
14:41:45.024,15.18,9900.0,11,FIX_3D,-0.14,0.0,0.0,0.0,OFFBOARD,False,Gyro Fail|Accel Fail|Mag Fail|Not Armable
14:41:45.124,15.18,9900.0,10,FIX_3D,-0.12,0.0,0.0,0.0,OFFBOARD,False,Gyro Fail|Accel Fail|Mag Fail|Not Armable
14:41:45.224,15.18,9900.0,10,FIX_3D,-0.12,0.0,0.0,0.0,OFFBOARD,False,Gyro Fail|Accel Fail|Mag Fail|Not Armable
14:41:45.325,15.18,9900.0,10,FIX_3D,-0.12,0.0,0.0,0.0,OFFBOARD,False,Gyro Fail|Accel Fail|Mag Fail|Not Armable
14:41:45.425,15.18,9900.0,10,FIX_3D,-0.12,0.0,0.0,0.0,OFFBOARD,False,Gyro Fail|Accel Fail|Mag Fail|Not Armable
14:41:45.525,15.18,9900.0,10,FIX_3D,-0.12,0.0,0.0,0.0,OFFBOARD,False,Gyro Fail|Accel Fail|Mag Fail|Not Armable
14:41:45.625,15.18,9900.0,10,FIX_3D,-0.11,0.0,0.0,0.0,OFFBOARD,False,Gyro Fail|Accel Fail|Mag Fail|Not Armable
14:41:45.725,15.18,9900.0,10,FIX_3D,-0.11,0.0,0.0,0.0,OFFBOARD,False,Gyro Fail|Accel Fail|Mag Fail|Not Armable
14:41:45.826,15.18,9900.0,10,FIX_3D,-0.11,0.0,0.0,0.0,OFFBOARD,False,Gyro Fail|Accel Fail|Mag Fail|Not Armable
14:41:45.926,15.18,9900.0,10,FIX_3D,-0.09,0.0,0.0,0.0,OFFBOARD,False,Gyro Fail|Accel Fail|Mag Fail|Not Armable
14:41:46.027,15.18,9900.0,10,FIX_3D,-0.09,0.0,0.0,0.0,OFFBOARD,False,Gyro Fail|Accel Fail|Mag Fail|Not Armable
14:41:46.127,15.18,9900.0,10,FIX_3D,-0.09,0.0,0.0,0.0,OFFBOARD,False,Gyro Fail|Accel Fail|Mag Fail|Not Armable
14:41:46.228,15.18,9900.0,11,FIX_3D,-0.06,0.0,0.0,0.0,OFFBOARD,False,Gyro Fail|Accel Fail|Mag Fail|Not Armable
14:41:46.328,15.18,9900.0,11,FIX_3D,-0.06,0.0,0.0,0.0,OFFBOARD,False,Gyro Fail|Accel Fail|Mag Fail|Not Armable
14:41:46.428,15.18,9900.0,11,FIX_3D,-0.06,0.0,0.0,0.0,OFFBOARD,False,Gyro Fail|Accel Fail|Mag Fail|Not Armable
14:41:46.529,15.18,9900.0,11,FIX_3D,-0.05,0.0,0.0,0.0,OFFBOARD,False,Gyro Fail|Accel Fail|Mag Fail|Not Armable
14:41:46.629,15.18,9900.0,11,FIX_3D,-0.05,0.0,0.0,0.0,OFFBOARD,False,Gyro Fail|Accel Fail|Mag Fail|Not Armable
14:41:46.730,15.18,9900.0,11,FIX_3D,-0.05,0.0,0.0,0.0,OFFBOARD,False,Gyro Fail|Accel Fail|Mag Fail|Not Armable
14:41:46.830,15.18,9900.0,11,FIX_3D,-0.05,0.0,0.0,0.0,OFFBOARD,False,Gyro Fail|Accel Fail|Mag Fail|Not Armable
14:41:46.931,15.18,9900.0,11,FIX_3D,-0.05,0.0,0.0,0.0,OFFBOARD,False,Gyro Fail|Accel Fail|Mag Fail|Not Armable
14:41:47.032,15.17,9900.0,11,FIX_3D,-0.06,0.0,0.0,0.0,OFFBOARD,False,Gyro Fail|Accel Fail|Mag Fail|Not Armable
14:41:47.133,15.17,9900.0,11,FIX_3D,-0.06,0.0,0.0,0.0,OFFBOARD,False,Gyro Fail|Accel Fail|Mag Fail|Not Armable
14:41:47.233,15.17,9900.0,11,FIX_3D,-0.06,0.0,0.0,0.0,OFFBOARD,False,Gyro Fail|Accel Fail|Mag Fail|Not Armable
14:41:47.333,15.17,9900.0,11,FIX_3D,-0.07,0.0,0.0,0.0,OFFBOARD,False,Gyro Fail|Accel Fail|Mag Fail|Not Armable
14:41:47.434,15.17,9900.0,11,FIX_3D,-0.07,0.0,0.0,0.0,OFFBOARD,False,Gyro Fail|Accel Fail|Mag Fail|Not Armable
14:41:47.534,15.17,9900.0,11,FIX_3D,-0.09,0.0,0.0,0.0,OFFBOARD,False,Gyro Fail|Accel Fail|Mag Fail|Not Armable
14:41:47.634,15.17,9900.0,11,FIX_3D,-0.12,0.0,0.0,0.0,OFFBOARD,False,Gyro Fail|Accel Fail|Mag Fail|Not Armable
14:41:47.734,15.17,9900.0,11,FIX_3D,-0.12,0.0,0.0,0.0,OFFBOARD,False,Gyro Fail|Accel Fail|Mag Fail|Not Armable
14:41:47.835,15.17,9900.0,11,FIX_3D,-0.12,0.0,0.0,0.0,OFFBOARD,False,Gyro Fail|Accel Fail|Mag Fail|Not Armable
14:41:47.936,15.19,9900.0,11,FIX_3D,-0.13,0.0,0.0,0.0,OFFBOARD,False,Gyro Fail|Accel Fail|Mag Fail|Not Armable
14:41:48.036,15.19,9900.0,11,FIX_3D,-0.13,0.0,0.0,0.0,OFFBOARD,False,Gyro Fail|Accel Fail|Mag Fail|Not Armable
14:41:48.137,15.19,9900.0,11,FIX_3D,-0.14,0.0,0.0,0.0,OFFBOARD,False,Gyro Fail|Accel Fail|Mag Fail|Not Armable
14:41:48.237,15.19,9900.0,11,FIX_3D,-0.14,0.0,0.0,0.0,OFFBOARD,False,Gyro Fail|Accel Fail|Mag Fail|Not Armable
14:41:48.338,15.19,9900.0,11,FIX_3D,-0.15,0.0,0.0,0.0,OFFBOARD,False,Gyro Fail|Accel Fail|Mag Fail|Not Armable
14:41:48.438,15.19,9900.0,11,FIX_3D,-0.16,0.0,0.0,0.0,OFFBOARD,False,Gyro Fail|Accel Fail|Mag Fail|Not Armable
14:41:48.539,15.19,9900.0,11,FIX_3D,-0.16,0.0,0.0,0.0,OFFBOARD,False,Gyro Fail|Accel Fail|Mag Fail|Not Armable
14:41:48.639,15.19,9900.0,11,FIX_3D,-0.16,0.0,0.0,0.0,OFFBOARD,False,Gyro Fail|Accel Fail|Mag Fail|Not Armable
14:41:48.739,15.19,9900.0,11,FIX_3D,-0.17,0.0,0.0,0.0,OFFBOARD,False,Gyro Fail|Accel Fail|Mag Fail|Not Armable
14:41:48.839,15.19,9900.0,11,FIX_3D,-0.17,0.0,0.0,0.0,OFFBOARD,False,Gyro Fail|Accel Fail|Mag Fail|Not Armable
14:41:48.940,15.16,9900.0,11,FIX_3D,-0.16,0.0,0.0,0.0,OFFBOARD,False,Gyro Fail|Accel Fail|Mag Fail|Not Armable
14:41:49.041,15.16,9900.0,11,FIX_3D,-0.16,0.0,0.0,0.0,OFFBOARD,False,Gyro Fail|Accel Fail|Mag Fail|Not Armable
14:41:49.141,15.16,9900.0,11,FIX_3D,-0.15,0.0,0.0,0.0,OFFBOARD,False,Gyro Fail|Accel Fail|Mag Fail|Not Armable
14:41:49.241,15.16,9900.0,11,FIX_3D,-0.14,0.0,0.0,0.0,OFFBOARD,False,Gyro Fail|Accel Fail|Mag Fail|Not Armable
14:41:49.341,15.16,9900.0,11,FIX_3D,-0.14,0.0,0.0,0.0,OFFBOARD,False,Gyro Fail|Accel Fail|Mag Fail|Not Armable
14:41:49.441,15.16,9900.0,11,FIX_3D,-0.14,0.0,0.0,0.0,OFFBOARD,False,Gyro Fail|Accel Fail|Mag Fail|Not Armable
14:41:49.542,15.16,9900.0,11,FIX_3D,-0.13,0.0,0.0,0.0,OFFBOARD,False,Gyro Fail|Accel Fail|Mag Fail|Not Armable
14:41:49.642,15.16,9900.0,11,FIX_3D,-0.13,0.0,0.0,0.0,OFFBOARD,False,Gyro Fail|Accel Fail|Mag Fail|Not Armable
14:41:49.743,15.16,9900.0,11,FIX_3D,-0.11,0.0,0.0,0.0,OFFBOARD,False,Gyro Fail|Accel Fail|Mag Fail|Not Armable
14:41:49.843,15.16,9900.0,11,FIX_3D,-0.11,0.0,0.0,0.0,OFFBOARD,False,Gyro Fail|Accel Fail|Mag Fail|Not Armable
14:41:49.943,15.18,9900.0,11,FIX_3D,-0.11,0.0,0.0,0.0,OFFBOARD,False,Gyro Fail|Accel Fail|Mag Fail|Not Armable
14:41:50.044,15.18,9900.0,11,FIX_3D,-0.11,0.0,0.0,0.0,OFFBOARD,False,Gyro Fail|Accel Fail|Mag Fail|Not Armable
14:41:50.144,15.18,9900.0,11,FIX_3D,-0.1,0.0,0.0,0.0,OFFBOARD,False,Gyro Fail|Accel Fail|Mag Fail|Not Armable
14:41:50.245,15.18,9900.0,11,FIX_3D,-0.1,0.0,0.0,0.0,OFFBOARD,False,Gyro Fail|Accel Fail|Mag Fail|Not Armable
14:41:50.345,15.18,9900.0,11,FIX_3D,-0.08,0.0,0.0,0.0,OFFBOARD,False,Gyro Fail|Accel Fail|Mag Fail|Not Armable
14:41:50.445,15.18,9900.0,11,FIX_3D,-0.08,0.0,0.0,0.0,OFFBOARD,False,Gyro Fail|Accel Fail|Mag Fail|Not Armable
14:41:50.545,15.18,9900.0,11,FIX_3D,-0.07,0.0,0.0,0.0,OFFBOARD,False,Gyro Fail|Accel Fail|Mag Fail|Not Armable
14:41:50.645,15.18,9900.0,12,FIX_3D,-0.06,0.0,0.0,0.0,OFFBOARD,False,Gyro Fail|Accel Fail|Mag Fail|Not Armable
14:41:50.745,15.18,9900.0,12,FIX_3D,-0.06,0.0,0.0,0.0,OFFBOARD,False,Gyro Fail|Accel Fail|Mag Fail|Not Armable
14:41:50.846,15.18,9900.0,12,FIX_3D,-0.06,0.0,0.0,0.0,OFFBOARD,False,Gyro Fail|Accel Fail|Mag Fail|Not Armable
14:41:50.946,15.13,9900.0,12,FIX_3D,-0.04,0.0,0.0,0.0,OFFBOARD,False,Gyro Fail|Accel Fail|Mag Fail|Not Armable
14:41:51.046,15.13,9900.0,12,FIX_3D,-0.04,0.0,0.0,0.0,OFFBOARD,False,Gyro Fail|Accel Fail|Mag Fail|Not Armable
14:41:51.147,15.13,9900.0,12,FIX_3D,-0.01,0.0,0.0,0.0,OFFBOARD,False,Gyro Fail|Accel Fail|Mag Fail|Not Armable
14:41:51.247,15.13,9900.0,12,FIX_3D,-0.01,0.0,0.0,0.0,OFFBOARD,False,Gyro Fail|Accel Fail|Mag Fail|Not Armable
14:41:51.348,15.13,9900.0,12,FIX_3D,0.01,0.0,0.0,0.0,OFFBOARD,False,Gyro Fail|Accel Fail|Mag Fail|Not Armable
14:41:51.449,15.13,9900.0,12,FIX_3D,0.02,0.0,0.0,0.0,OFFBOARD,False,Gyro Fail|Accel Fail|Mag Fail|Not Armable
14:41:51.549,15.13,9900.0,12,FIX_3D,0.02,0.0,0.0,0.0,OFFBOARD,False,Gyro Fail|Accel Fail|Mag Fail|Not Armable
14:41:51.650,15.13,9900.0,12,FIX_3D,0.02,0.0,0.0,0.0,OFFBOARD,False,Gyro Fail|Accel Fail|Mag Fail|Not Armable
14:41:51.751,15.13,9900.0,12,FIX_3D,0.03,0.0,0.0,0.0,OFFBOARD,False,Gyro Fail|Accel Fail|Mag Fail|Not Armable
14:41:51.851,15.13,9900.0,12,FIX_3D,0.03,0.0,0.0,0.0,OFFBOARD,False,Gyro Fail|Accel Fail|Mag Fail|Not Armable
14:41:51.951,15.09,9900.0,12,FIX_3D,0.03,0.0,0.0,0.0,OFFBOARD,False,Gyro Fail|Accel Fail|Mag Fail|Not Armable
14:41:52.051,15.09,9900.0,12,FIX_3D,0.03,0.0,0.0,0.0,OFFBOARD,False,Gyro Fail|Accel Fail|Mag Fail|Not Armable
14:41:52.151,15.09,9900.0,12,FIX_3D,0.04,0.0,0.0,0.0,OFFBOARD,False,Gyro Fail|Accel Fail|Mag Fail|Not Armable
14:41:52.251,15.09,9900.0,12,FIX_3D,0.03,0.0,0.0,0.0,OFFBOARD,False,Gyro Fail|Accel Fail|Mag Fail|Not Armable
14:41:52.351,15.09,9900.0,12,FIX_3D,0.03,0.0,0.0,0.0,OFFBOARD,False,Gyro Fail|Accel Fail|Mag Fail|Not Armable
14:41:52.451,15.09,9900.0,12,FIX_3D,0.03,0.0,0.0,0.0,OFFBOARD,False,Gyro Fail|Accel Fail|Mag Fail|Not Armable
14:41:52.551,15.09,9900.0,12,FIX_3D,0.03,0.0,0.0,0.0,OFFBOARD,False,Gyro Fail|Accel Fail|Mag Fail|Not Armable
14:41:52.652,15.09,9900.0,12,FIX_3D,0.03,0.0,0.0,0.0,OFFBOARD,False,Gyro Fail|Accel Fail|Mag Fail|Not Armable
14:41:52.752,15.09,9900.0,12,FIX_3D,0.03,0.0,0.0,0.0,OFFBOARD,False,Gyro Fail|Accel Fail|Mag Fail|Not Armable
14:41:52.852,15.09,9900.0,12,FIX_3D,0.03,0.0,0.0,0.0,OFFBOARD,False,Gyro Fail|Accel Fail|Mag Fail|Not Armable
14:41:52.953,15.17,9900.0,12,FIX_3D,0.03,0.0,0.0,0.0,OFFBOARD,False,Gyro Fail|Accel Fail|Mag Fail|Not Armable
14:41:53.053,15.17,9900.0,12,FIX_3D,0.02,0.0,0.0,0.0,OFFBOARD,False,Gyro Fail|Accel Fail|Mag Fail|Not Armable
14:41:53.153,15.17,9900.0,12,FIX_3D,0.02,0.0,0.0,0.0,OFFBOARD,False,Gyro Fail|Accel Fail|Mag Fail|Not Armable
14:41:53.253,15.17,9900.0,12,FIX_3D,0.02,0.0,0.0,0.0,OFFBOARD,False,Gyro Fail|Accel Fail|Mag Fail|Not Armable
14:41:53.354,15.17,9900.0,12,FIX_3D,0.02,0.0,0.0,0.0,OFFBOARD,False,Gyro Fail|Accel Fail|Mag Fail|Not Armable
14:41:53.455,15.17,9900.0,12,FIX_3D,0.02,0.0,0.0,0.0,OFFBOARD,False,Gyro Fail|Accel Fail|Mag Fail|Not Armable
14:41:53.555,15.17,9900.0,12,FIX_3D,0.04,0.0,0.0,0.0,OFFBOARD,False,Gyro Fail|Accel Fail|Mag Fail|Not Armable
14:41:53.656,15.17,9900.0,12,FIX_3D,0.06,0.0,0.0,0.0,OFFBOARD,False,Gyro Fail|Accel Fail|Mag Fail|Not Armable
14:41:53.756,15.17,9900.0,12,FIX_3D,0.06,0.0,0.0,0.0,OFFBOARD,False,Gyro Fail|Accel Fail|Mag Fail|Not Armable
14:41:53.856,15.17,9900.0,12,FIX_3D,0.06,0.0,0.0,0.0,OFFBOARD,False,Gyro Fail|Accel Fail|Mag Fail|Not Armable
14:41:53.956,15.18,9900.0,12,FIX_3D,0.07,0.0,0.0,0.0,OFFBOARD,False,Gyro Fail|Accel Fail|Mag Fail|Not Armable
14:41:54.056,15.18,9900.0,12,FIX_3D,0.07,0.0,0.0,0.0,OFFBOARD,False,Gyro Fail|Accel Fail|Mag Fail|Not Armable
14:41:54.156,15.18,9900.0,12,FIX_3D,0.07,0.0,0.0,0.0,OFFBOARD,False,Gyro Fail|Accel Fail|Mag Fail|Not Armable
14:41:54.256,15.18,9900.0,12,FIX_3D,0.07,0.0,0.0,0.0,OFFBOARD,False,Gyro Fail|Accel Fail|Mag Fail|Not Armable
14:41:54.357,15.18,9900.0,12,FIX_3D,0.06,0.0,0.0,0.0,OFFBOARD,False,Gyro Fail|Accel Fail|Mag Fail|Not Armable
14:41:54.457,15.18,9900.0,12,FIX_3D,0.06,0.0,0.0,0.0,OFFBOARD,False,Gyro Fail|Accel Fail|Mag Fail|Not Armable
14:41:54.557,15.18,9900.0,12,FIX_3D,0.06,0.0,0.0,0.0,OFFBOARD,False,Gyro Fail|Accel Fail|Mag Fail|Not Armable
14:41:54.658,15.18,9900.0,12,FIX_3D,0.06,0.0,0.0,0.0,OFFBOARD,False,Gyro Fail|Accel Fail|Mag Fail|Not Armable
14:41:54.758,15.18,9900.0,12,FIX_3D,0.05,0.0,0.0,0.0,OFFBOARD,False,Gyro Fail|Accel Fail|Mag Fail|Not Armable
14:41:54.858,15.18,9900.0,12,FIX_3D,0.05,0.0,0.0,0.0,OFFBOARD,False,Gyro Fail|Accel Fail|Mag Fail|Not Armable
14:41:54.958,15.17,9900.0,12,FIX_3D,0.06,0.0,0.0,0.0,OFFBOARD,False,Gyro Fail|Accel Fail|Mag Fail|Not Armable
14:41:55.058,15.17,9900.0,12,FIX_3D,0.06,0.0,0.0,0.0,OFFBOARD,False,Gyro Fail|Accel Fail|Mag Fail|Not Armable
14:41:55.158,15.17,9900.0,12,FIX_3D,0.07,0.0,0.0,0.0,OFFBOARD,False,Gyro Fail|Accel Fail|Mag Fail|Not Armable
14:41:55.258,15.17,9900.0,12,FIX_3D,0.07,0.0,0.0,0.0,OFFBOARD,False,Gyro Fail|Accel Fail|Mag Fail|Not Armable
14:41:55.359,15.17,9900.0,12,FIX_3D,0.07,0.0,0.0,0.0,OFFBOARD,False,Gyro Fail|Accel Fail|Mag Fail|Not Armable
14:41:55.459,15.17,9900.0,12,FIX_3D,0.08,0.0,0.0,0.0,OFFBOARD,False,Gyro Fail|Accel Fail|Mag Fail|Not Armable
14:41:55.559,15.17,9900.0,12,FIX_3D,0.08,0.0,0.0,0.0,OFFBOARD,False,Gyro Fail|Accel Fail|Mag Fail|Not Armable
14:41:55.659,15.17,9900.0,12,FIX_3D,0.08,0.0,0.0,0.0,OFFBOARD,False,Gyro Fail|Accel Fail|Mag Fail|Not Armable
14:41:55.761,15.17,9900.0,12,FIX_3D,0.1,0.0,0.0,0.0,OFFBOARD,False,Gyro Fail|Accel Fail|Mag Fail|Not Armable
14:41:55.861,15.17,9900.0,12,FIX_3D,0.1,0.0,0.0,0.0,OFFBOARD,False,Gyro Fail|Accel Fail|Mag Fail|Not Armable
14:41:55.961,15.17,9900.0,12,FIX_3D,0.12,0.0,0.0,0.0,OFFBOARD,False,Gyro Fail|Accel Fail|Mag Fail|Not Armable
14:41:56.062,15.17,9900.0,12,FIX_3D,0.15,0.0,0.0,0.0,OFFBOARD,False,Gyro Fail|Accel Fail|Mag Fail|Not Armable
14:41:56.162,15.17,9900.0,12,FIX_3D,0.15,0.0,0.0,0.0,OFFBOARD,False,Gyro Fail|Accel Fail|Mag Fail|Not Armable
14:41:56.262,15.17,9900.0,12,FIX_3D,0.15,0.0,0.0,0.0,OFFBOARD,False,Gyro Fail|Accel Fail|Mag Fail|Not Armable
14:41:56.364,15.17,9900.0,12,FIX_3D,0.18,0.0,0.0,0.0,OFFBOARD,False,Gyro Fail|Accel Fail|Mag Fail|Not Armable
14:41:56.464,15.17,9900.0,12,FIX_3D,0.18,0.0,0.0,0.0,OFFBOARD,False,Gyro Fail|Accel Fail|Mag Fail|Not Armable
14:41:56.565,15.17,9900.0,12,FIX_3D,0.2,0.0,0.0,0.0,OFFBOARD,False,Gyro Fail|Accel Fail|Mag Fail|Not Armable
14:41:56.665,15.17,9900.0,12,FIX_3D,0.2,0.0,0.0,0.0,OFFBOARD,False,Gyro Fail|Accel Fail|Mag Fail|Not Armable
14:41:56.766,15.17,9900.0,12,FIX_3D,0.2,0.0,0.0,0.0,OFFBOARD,False,Gyro Fail|Accel Fail|Mag Fail|Not Armable
14:41:56.866,15.17,9900.0,12,FIX_3D,0.2,0.0,0.0,0.0,OFFBOARD,False,Gyro Fail|Accel Fail|Mag Fail|Not Armable
14:41:56.966,15.18,9900.0,12,FIX_3D,0.19,0.0,0.0,0.0,OFFBOARD,False,Gyro Fail|Accel Fail|Mag Fail|Not Armable
14:41:57.066,15.18,9900.0,12,FIX_3D,0.19,0.0,0.0,0.0,OFFBOARD,False,Gyro Fail|Accel Fail|Mag Fail|Not Armable
14:41:57.166,15.18,9900.0,12,FIX_3D,0.18,0.0,0.0,0.0,OFFBOARD,False,Gyro Fail|Accel Fail|Mag Fail|Not Armable
14:41:57.267,15.18,9900.0,12,FIX_3D,0.18,0.0,0.0,0.0,OFFBOARD,False,Gyro Fail|Accel Fail|Mag Fail|Not Armable
14:41:57.367,15.18,9900.0,12,FIX_3D,0.17,0.0,0.0,0.0,OFFBOARD,False,Gyro Fail|Accel Fail|Mag Fail|Not Armable
14:41:57.467,15.18,9900.0,12,FIX_3D,0.15,0.0,0.0,0.0,OFFBOARD,False,Gyro Fail|Accel Fail|Mag Fail|Not Armable
14:41:57.568,15.18,9900.0,12,FIX_3D,0.15,0.0,0.0,0.0,OFFBOARD,False,Gyro Fail|Accel Fail|Mag Fail|Not Armable
14:41:57.668,15.18,9900.0,12,FIX_3D,0.15,0.0,0.0,0.0,OFFBOARD,False,Gyro Fail|Accel Fail|Mag Fail|Not Armable
14:41:57.768,15.18,9900.0,12,FIX_3D,0.12,0.0,0.0,0.0,OFFBOARD,False,Gyro Fail|Accel Fail|Mag Fail|Not Armable
14:41:57.868,15.18,9900.0,12,FIX_3D,0.12,0.0,0.0,0.0,OFFBOARD,False,Gyro Fail|Accel Fail|Mag Fail|Not Armable
14:41:57.969,15.17,9900.0,12,FIX_3D,0.1,0.0,0.0,0.0,OFFBOARD,False,Gyro Fail|Accel Fail|Mag Fail|Not Armable
14:41:58.069,15.17,9900.0,12,FIX_3D,0.1,0.0,0.0,0.0,OFFBOARD,False,Gyro Fail|Accel Fail|Mag Fail|Not Armable
14:41:58.171,15.17,9900.0,12,FIX_3D,0.08,0.0,0.0,0.0,OFFBOARD,False,Gyro Fail|Accel Fail|Mag Fail|Not Armable
14:41:58.271,15.17,9900.0,12,FIX_3D,0.05,0.0,0.0,0.0,OFFBOARD,False,Gyro Fail|Accel Fail|Mag Fail|Not Armable
14:41:58.372,15.17,9900.0,12,FIX_3D,0.05,0.0,0.0,0.0,OFFBOARD,False,Gyro Fail|Accel Fail|Mag Fail|Not Armable
14:41:58.473,15.17,9900.0,12,FIX_3D,0.04,0.0,0.0,0.0,OFFBOARD,False,Gyro Fail|Accel Fail|Mag Fail|Not Armable
14:41:58.573,15.17,9900.0,12,FIX_3D,0.04,0.0,0.0,0.0,OFFBOARD,False,Gyro Fail|Accel Fail|Mag Fail|Not Armable
14:41:58.673,15.17,9900.0,12,FIX_3D,0.04,0.0,0.0,0.0,OFFBOARD,False,Gyro Fail|Accel Fail|Mag Fail|Not Armable
14:41:58.775,15.17,9900.0,12,FIX_3D,0.03,0.0,0.0,0.0,OFFBOARD,False,Gyro Fail|Accel Fail|Mag Fail|Not Armable
14:41:58.875,15.17,9900.0,12,FIX_3D,0.03,0.0,0.0,0.0,OFFBOARD,False,Gyro Fail|Accel Fail|Mag Fail|Not Armable
14:41:58.976,15.18,9900.0,12,FIX_3D,0.02,0.0,0.0,0.0,OFFBOARD,False,Gyro Fail|Accel Fail|Mag Fail|Not Armable
14:41:59.077,15.18,9900.0,12,FIX_3D,0.02,0.0,0.0,0.0,OFFBOARD,False,Gyro Fail|Accel Fail|Mag Fail|Not Armable
14:41:59.177,15.18,9900.0,12,FIX_3D,0.02,0.0,0.0,0.0,OFFBOARD,False,Gyro Fail|Accel Fail|Mag Fail|Not Armable
14:41:59.277,15.18,9900.0,12,FIX_3D,0.02,0.0,0.0,0.0,OFFBOARD,False,Gyro Fail|Accel Fail|Mag Fail|Not Armable
14:41:59.377,15.18,9900.0,12,FIX_3D,0.02,0.0,0.0,0.0,OFFBOARD,False,Gyro Fail|Accel Fail|Mag Fail|Not Armable
14:41:59.478,15.18,9900.0,12,FIX_3D,0.02,0.0,0.0,0.0,OFFBOARD,False,Gyro Fail|Accel Fail|Mag Fail|Not Armable
14:41:59.578,15.18,9900.0,12,FIX_3D,0.01,0.0,0.0,0.0,OFFBOARD,False,Gyro Fail|Accel Fail|Mag Fail|Not Armable
14:41:59.678,15.18,9900.0,12,FIX_3D,-0.0,0.0,0.0,0.0,OFFBOARD,False,Gyro Fail|Accel Fail|Mag Fail|Not Armable
14:41:59.779,15.18,9900.0,12,FIX_3D,-0.0,0.0,0.0,0.0,OFFBOARD,False,Gyro Fail|Accel Fail|Mag Fail|Not Armable
14:41:59.879,15.18,9900.0,12,FIX_3D,-0.0,0.0,0.0,0.0,OFFBOARD,False,Gyro Fail|Accel Fail|Mag Fail|Not Armable
14:41:59.979,15.18,9900.0,12,FIX_3D,-0.0,0.0,0.0,0.0,OFFBOARD,False,Gyro Fail|Accel Fail|Mag Fail|Not Armable
14:42:00.080,15.18,9900.0,12,FIX_3D,-0.0,0.0,0.0,0.0,OFFBOARD,False,Gyro Fail|Accel Fail|Mag Fail|Not Armable
14:42:00.181,15.18,9900.0,12,FIX_3D,-0.01,0.0,0.0,0.0,OFFBOARD,False,Gyro Fail|Accel Fail|Mag Fail|Not Armable
14:42:00.281,15.18,9900.0,12,FIX_3D,-0.01,0.0,0.0,0.0,OFFBOARD,False,Gyro Fail|Accel Fail|Mag Fail|Not Armable
14:42:00.381,15.18,9900.0,12,FIX_3D,-0.02,0.0,0.0,0.0,OFFBOARD,False,Gyro Fail|Accel Fail|Mag Fail|Not Armable
14:42:00.482,15.18,9900.0,12,FIX_3D,-0.02,0.0,0.0,0.0,OFFBOARD,False,Gyro Fail|Accel Fail|Mag Fail|Not Armable
14:42:00.582,15.18,9900.0,12,FIX_3D,-0.02,0.0,0.0,0.0,OFFBOARD,False,Gyro Fail|Accel Fail|Mag Fail|Not Armable
14:42:00.682,15.18,9900.0,12,FIX_3D,-0.02,0.0,0.0,0.0,OFFBOARD,False,Gyro Fail|Accel Fail|Mag Fail|Not Armable
14:42:00.783,15.18,9900.0,12,FIX_3D,-0.02,0.0,0.0,0.0,OFFBOARD,False,Gyro Fail|Accel Fail|Mag Fail|Not Armable
14:42:00.883,15.18,9900.0,12,FIX_3D,-0.02,0.0,0.0,0.0,OFFBOARD,False,Gyro Fail|Accel Fail|Mag Fail|Not Armable
14:42:00.983,15.17,9900.0,12,FIX_3D,-0.02,0.0,0.0,0.0,OFFBOARD,False,Gyro Fail|Accel Fail|Mag Fail|Not Armable
14:42:01.084,15.17,9900.0,12,FIX_3D,-0.02,0.0,0.0,0.0,OFFBOARD,False,Gyro Fail|Accel Fail|Mag Fail|Not Armable
14:42:01.184,15.17,9900.0,12,FIX_3D,-0.03,0.0,0.0,0.0,OFFBOARD,False,Gyro Fail|Accel Fail|Mag Fail|Not Armable
14:42:01.285,15.17,9900.0,12,FIX_3D,-0.03,0.0,0.0,0.0,OFFBOARD,False,Gyro Fail|Accel Fail|Mag Fail|Not Armable
14:42:01.385,15.17,9900.0,12,FIX_3D,-0.03,0.0,0.0,0.0,OFFBOARD,False,Gyro Fail|Accel Fail|Mag Fail|Not Armable
14:42:01.485,15.17,9900.0,12,FIX_3D,-0.05,0.0,0.0,0.0,OFFBOARD,False,Gyro Fail|Accel Fail|Mag Fail|Not Armable
14:42:01.585,15.17,9900.0,12,FIX_3D,-0.05,0.0,0.0,0.0,OFFBOARD,False,Gyro Fail|Accel Fail|Mag Fail|Not Armable
14:42:01.685,15.17,9900.0,12,FIX_3D,-0.05,0.0,0.0,0.0,OFFBOARD,False,Gyro Fail|Accel Fail|Mag Fail|Not Armable
14:42:01.786,15.17,9900.0,12,FIX_3D,-0.06,0.0,0.0,0.0,OFFBOARD,False,Gyro Fail|Accel Fail|Mag Fail|Not Armable
14:42:01.886,15.17,9900.0,12,FIX_3D,-0.06,0.0,0.0,0.0,OFFBOARD,False,Gyro Fail|Accel Fail|Mag Fail|Not Armable
14:42:01.987,15.17,9900.0,12,FIX_3D,-0.06,0.0,0.0,0.0,OFFBOARD,False,Gyro Fail|Accel Fail|Mag Fail|Not Armable
14:42:02.087,15.17,9900.0,12,FIX_3D,-0.05,0.0,0.0,0.0,OFFBOARD,False,Gyro Fail|Accel Fail|Mag Fail|Not Armable
14:42:02.188,15.17,9900.0,12,FIX_3D,-0.05,0.0,0.0,0.0,OFFBOARD,False,Gyro Fail|Accel Fail|Mag Fail|Not Armable
14:42:02.289,15.17,9900.0,12,FIX_3D,-0.03,0.0,0.0,0.0,OFFBOARD,False,Gyro Fail|Accel Fail|Mag Fail|Not Armable
14:42:02.389,15.17,9900.0,12,FIX_3D,-0.03,0.0,0.0,0.0,OFFBOARD,False,Gyro Fail|Accel Fail|Mag Fail|Not Armable
14:42:02.490,15.17,9900.0,12,FIX_3D,-0.03,0.0,0.0,0.0,OFFBOARD,False,Gyro Fail|Accel Fail|Mag Fail|Not Armable
14:42:02.590,15.17,9900.0,12,FIX_3D,-0.02,0.0,0.0,0.0,OFFBOARD,False,Gyro Fail|Accel Fail|Mag Fail|Not Armable
14:42:02.691,15.17,9900.0,12,FIX_3D,-0.02,0.0,0.0,0.0,OFFBOARD,False,Gyro Fail|Accel Fail|Mag Fail|Not Armable
14:42:02.791,15.17,9900.0,12,FIX_3D,-0.02,0.0,0.0,0.0,OFFBOARD,False,Gyro Fail|Accel Fail|Mag Fail|Not Armable
14:42:02.892,15.18,9900.0,12,FIX_3D,-0.02,0.0,0.0,0.0,OFFBOARD,False,Gyro Fail|Accel Fail|Mag Fail|Not Armable
14:42:02.992,15.18,9900.0,12,FIX_3D,-0.02,0.0,0.0,0.0,OFFBOARD,False,Gyro Fail|Accel Fail|Mag Fail|Not Armable
14:42:03.092,15.18,9900.0,12,FIX_3D,-0.03,0.0,0.0,0.0,OFFBOARD,False,Gyro Fail|Accel Fail|Mag Fail|Not Armable
14:42:03.192,15.18,9900.0,12,FIX_3D,-0.03,0.0,0.0,0.0,OFFBOARD,False,Gyro Fail|Accel Fail|Mag Fail|Not Armable
14:42:03.293,15.18,9900.0,12,FIX_3D,-0.03,0.0,0.0,0.0,OFFBOARD,False,Gyro Fail|Accel Fail|Mag Fail|Not Armable
14:42:03.393,15.18,9900.0,12,FIX_3D,-0.05,0.0,0.0,0.0,OFFBOARD,False,Gyro Fail|Accel Fail|Mag Fail|Not Armable
14:42:03.494,15.18,9900.0,12,FIX_3D,-0.08,0.0,0.0,0.0,OFFBOARD,False,Gyro Fail|Accel Fail|Mag Fail|Not Armable
14:42:03.594,15.18,9900.0,12,FIX_3D,-0.08,0.0,0.0,0.0,OFFBOARD,False,Gyro Fail|Accel Fail|Mag Fail|Not Armable
14:42:03.695,15.18,9900.0,12,FIX_3D,-0.1,0.0,0.0,0.0,OFFBOARD,False,Gyro Fail|Accel Fail|Mag Fail|Not Armable
14:42:03.796,15.18,9900.0,12,FIX_3D,-0.1,0.0,0.0,0.0,OFFBOARD,False,Gyro Fail|Accel Fail|Mag Fail|Not Armable
14:42:03.896,15.18,9900.0,12,FIX_3D,-0.1,0.0,0.0,0.0,OFFBOARD,False,Gyro Fail|Accel Fail|Mag Fail|Not Armable
14:42:03.997,15.18,9900.0,12,FIX_3D,-0.11,0.0,0.0,0.0,OFFBOARD,False,Gyro Fail|Accel Fail|Mag Fail|Not Armable
14:42:04.098,15.18,9900.0,12,FIX_3D,-0.11,0.0,0.0,0.0,OFFBOARD,False,Gyro Fail|Accel Fail|Mag Fail|Not Armable
14:42:04.198,15.18,9900.0,12,FIX_3D,-0.12,0.0,0.0,0.0,OFFBOARD,False,Gyro Fail|Accel Fail|Mag Fail|Not Armable
14:42:04.299,15.18,9900.0,12,FIX_3D,-0.12,0.0,0.0,0.0,OFFBOARD,False,Gyro Fail|Accel Fail|Mag Fail|Not Armable
14:42:04.399,15.18,9900.0,12,FIX_3D,-0.12,0.0,0.0,0.0,OFFBOARD,False,Gyro Fail|Accel Fail|Mag Fail|Not Armable
14:42:04.501,15.18,9900.0,12,FIX_3D,-0.12,0.0,0.0,0.0,OFFBOARD,False,Gyro Fail|Accel Fail|Mag Fail|Not Armable
14:42:04.601,15.18,9900.0,12,FIX_3D,-0.12,0.0,0.0,0.0,OFFBOARD,False,Gyro Fail|Accel Fail|Mag Fail|Not Armable
14:42:04.702,15.18,9900.0,12,FIX_3D,-0.13,0.0,0.0,0.0,OFFBOARD,False,Gyro Fail|Accel Fail|Mag Fail|Not Armable
14:42:04.802,15.18,9900.0,12,FIX_3D,-0.13,0.0,0.0,0.0,OFFBOARD,False,Gyro Fail|Accel Fail|Mag Fail|Not Armable
14:42:04.903,15.18,9900.0,12,FIX_3D,-0.13,0.0,0.0,0.0,OFFBOARD,False,Gyro Fail|Accel Fail|Mag Fail|Not Armable
14:42:05.004,15.18,9900.0,12,FIX_3D,-0.14,0.0,0.0,0.0,OFFBOARD,False,Gyro Fail|Accel Fail|Mag Fail|Not Armable
14:42:05.104,15.18,9900.0,12,FIX_3D,-0.15,0.0,0.0,0.0,OFFBOARD,False,Gyro Fail|Accel Fail|Mag Fail|Not Armable
14:42:05.205,15.18,9900.0,12,FIX_3D,-0.15,0.0,0.0,0.0,OFFBOARD,False,Gyro Fail|Accel Fail|Mag Fail|Not Armable
14:42:05.305,15.18,9900.0,12,FIX_3D,-0.15,0.0,0.0,0.0,OFFBOARD,False,Gyro Fail|Accel Fail|Mag Fail|Not Armable
14:42:05.406,15.18,9900.0,12,FIX_3D,-0.15,0.0,0.0,0.0,OFFBOARD,False,Gyro Fail|Accel Fail|Mag Fail|Not Armable
14:42:05.506,15.18,9900.0,12,FIX_3D,-0.15,0.0,0.0,0.0,OFFBOARD,False,Gyro Fail|Accel Fail|Mag Fail|Not Armable
14:42:05.606,15.18,9900.0,12,FIX_3D,-0.15,0.0,0.0,0.0,OFFBOARD,False,Gyro Fail|Accel Fail|Mag Fail|Not Armable
14:42:05.707,15.18,9900.0,12,FIX_3D,-0.14,0.0,0.0,0.0,OFFBOARD,False,Gyro Fail|Accel Fail|Mag Fail|Not Armable
14:42:05.808,15.18,9900.0,12,FIX_3D,-0.14,0.0,0.0,0.0,OFFBOARD,False,Gyro Fail|Accel Fail|Mag Fail|Not Armable
14:42:05.909,15.17,9900.0,12,FIX_3D,-0.11,0.0,0.0,0.0,OFFBOARD,False,Gyro Fail|Accel Fail|Mag Fail|Not Armable
14:42:06.009,15.17,9900.0,12,FIX_3D,-0.11,0.0,0.0,0.0,OFFBOARD,False,Gyro Fail|Accel Fail|Mag Fail|Not Armable
14:42:06.110,15.17,9900.0,12,FIX_3D,-0.07,0.0,0.0,0.0,OFFBOARD,False,Gyro Fail|Accel Fail|Mag Fail|Not Armable
14:42:06.211,15.17,9900.0,12,FIX_3D,-0.07,0.0,0.0,0.0,OFFBOARD,False,Gyro Fail|Accel Fail|Mag Fail|Not Armable
14:42:06.311,15.17,9900.0,12,FIX_3D,-0.05,0.0,0.0,0.0,OFFBOARD,False,Gyro Fail|Accel Fail|Mag Fail|Not Armable
14:42:06.411,15.17,9900.0,12,FIX_3D,-0.05,0.0,0.0,0.0,OFFBOARD,False,Gyro Fail|Accel Fail|Mag Fail|Not Armable
14:42:06.511,15.17,9900.0,12,FIX_3D,-0.03,0.0,0.0,0.0,OFFBOARD,False,Gyro Fail|Accel Fail|Mag Fail|Not Armable
14:42:06.612,15.17,9900.0,12,FIX_3D,-0.03,0.0,0.0,0.0,OFFBOARD,False,Gyro Fail|Accel Fail|Mag Fail|Not Armable
14:42:06.712,15.17,9900.0,12,FIX_3D,-0.02,0.0,0.0,0.0,OFFBOARD,False,Gyro Fail|Accel Fail|Mag Fail|Not Armable
14:42:06.812,15.17,9900.0,12,FIX_3D,-0.02,0.0,0.0,0.0,OFFBOARD,False,Gyro Fail|Accel Fail|Mag Fail|Not Armable
14:42:06.913,15.17,9900.0,12,FIX_3D,-0.01,0.0,0.0,0.0,OFFBOARD,False,Gyro Fail|Accel Fail|Mag Fail|Not Armable
14:42:07.013,15.17,9900.0,12,FIX_3D,-0.01,0.0,0.0,0.0,OFFBOARD,False,Gyro Fail|Accel Fail|Mag Fail|Not Armable
14:42:07.114,15.17,9900.0,12,FIX_3D,-0.01,0.0,0.0,0.0,OFFBOARD,False,Gyro Fail|Accel Fail|Mag Fail|Not Armable
14:42:07.215,15.17,9900.0,12,FIX_3D,0.01,0.0,0.0,0.0,OFFBOARD,False,Gyro Fail|Accel Fail|Mag Fail|Not Armable
14:42:07.316,15.17,9900.0,12,FIX_3D,0.02,0.0,0.0,0.0,OFFBOARD,False,Gyro Fail|Accel Fail|Mag Fail|Not Armable
14:42:07.416,15.17,9900.0,12,FIX_3D,0.02,0.0,0.0,0.0,OFFBOARD,False,Gyro Fail|Accel Fail|Mag Fail|Not Armable
14:42:07.517,15.17,9900.0,12,FIX_3D,0.04,0.0,0.0,0.0,OFFBOARD,False,Gyro Fail|Accel Fail|Mag Fail|Not Armable
14:42:07.617,15.17,9900.0,12,FIX_3D,0.04,0.0,0.0,0.0,OFFBOARD,False,Gyro Fail|Accel Fail|Mag Fail|Not Armable
14:42:07.719,15.17,9900.0,12,FIX_3D,0.06,0.0,0.0,0.0,OFFBOARD,False,Gyro Fail|Accel Fail|Mag Fail|Not Armable
14:42:07.819,15.17,9900.0,12,FIX_3D,0.06,0.0,0.0,0.0,OFFBOARD,False,Gyro Fail|Accel Fail|Mag Fail|Not Armable
14:42:07.920,15.17,9900.0,12,FIX_3D,0.06,0.0,0.0,0.0,OFFBOARD,False,Gyro Fail|Accel Fail|Mag Fail|Not Armable
14:42:08.020,15.18,9900.0,12,FIX_3D,0.07,0.0,0.0,0.0,OFFBOARD,False,Gyro Fail|Accel Fail|Mag Fail|Not Armable
14:42:08.121,15.18,9900.0,12,FIX_3D,0.08,0.0,0.0,0.0,OFFBOARD,False,Gyro Fail|Accel Fail|Mag Fail|Not Armable
14:42:08.222,15.18,9900.0,12,FIX_3D,0.08,0.0,0.0,0.0,OFFBOARD,False,Gyro Fail|Accel Fail|Mag Fail|Not Armable
14:42:08.323,15.18,9900.0,12,FIX_3D,0.07,0.0,0.0,0.0,OFFBOARD,False,Gyro Fail|Accel Fail|Mag Fail|Not Armable
14:42:08.423,15.18,9900.0,12,FIX_3D,0.07,0.0,0.0,0.0,OFFBOARD,False,Gyro Fail|Accel Fail|Mag Fail|Not Armable
14:42:08.523,15.18,9900.0,12,FIX_3D,0.05,0.0,0.0,0.0,OFFBOARD,False,Gyro Fail|Accel Fail|Mag Fail|Not Armable
14:42:08.623,15.18,9900.0,12,FIX_3D,0.05,0.0,0.0,0.0,OFFBOARD,False,Gyro Fail|Accel Fail|Mag Fail|Not Armable
14:42:08.723,15.18,9900.0,11,FIX_3D,0.03,0.0,0.0,0.0,OFFBOARD,False,Gyro Fail|Accel Fail|Mag Fail|Not Armable
14:42:08.824,15.18,9900.0,11,FIX_3D,0.03,0.0,0.0,0.0,OFFBOARD,False,Gyro Fail|Accel Fail|Mag Fail|Not Armable
14:42:08.924,15.18,9900.0,11,FIX_3D,0.01,0.0,0.0,0.0,OFFBOARD,False,Gyro Fail|Accel Fail|Mag Fail|Not Armable
14:42:09.024,15.18,9900.0,11,FIX_3D,0.01,0.0,0.0,0.0,OFFBOARD,False,Gyro Fail|Accel Fail|Mag Fail|Not Armable
14:42:09.125,15.18,9900.0,11,FIX_3D,-0.0,0.0,0.0,0.0,OFFBOARD,False,Gyro Fail|Accel Fail|Mag Fail|Not Armable
14:42:09.225,15.18,9900.0,11,FIX_3D,-0.0,0.0,0.0,0.0,OFFBOARD,False,Gyro Fail|Accel Fail|Mag Fail|Not Armable
14:42:09.326,15.18,9900.0,11,FIX_3D,-0.02,0.0,0.0,0.0,OFFBOARD,False,Gyro Fail|Accel Fail|Mag Fail|Not Armable
14:42:09.426,15.18,9900.0,11,FIX_3D,-0.02,0.0,0.0,0.0,OFFBOARD,False,Gyro Fail|Accel Fail|Mag Fail|Not Armable
14:42:09.527,15.18,9900.0,11,FIX_3D,-0.04,0.0,0.0,0.0,OFFBOARD,False,Gyro Fail|Accel Fail|Mag Fail|Not Armable
14:42:09.627,15.18,9900.0,11,FIX_3D,-0.04,0.0,0.0,0.0,OFFBOARD,False,Gyro Fail|Accel Fail|Mag Fail|Not Armable
14:42:09.728,15.18,9900.0,11,FIX_3D,-0.07,0.0,0.0,0.0,OFFBOARD,False,Gyro Fail|Accel Fail|Mag Fail|Not Armable
14:42:09.828,15.18,9900.0,11,FIX_3D,-0.07,0.0,0.0,0.0,OFFBOARD,False,Gyro Fail|Accel Fail|Mag Fail|Not Armable
14:42:09.928,15.18,9900.0,11,FIX_3D,-0.09,0.0,0.0,0.0,OFFBOARD,False,Gyro Fail|Accel Fail|Mag Fail|Not Armable
14:42:10.028,15.18,9900.0,11,FIX_3D,-0.09,0.0,0.0,0.0,OFFBOARD,False,Gyro Fail|Accel Fail|Mag Fail|Not Armable
14:42:10.130,15.18,9900.0,11,FIX_3D,-0.11,0.0,0.0,0.0,OFFBOARD,False,Gyro Fail|Accel Fail|Mag Fail|Not Armable
14:42:10.231,15.18,9900.0,11,FIX_3D,-0.11,0.0,0.0,0.0,OFFBOARD,False,Gyro Fail|Accel Fail|Mag Fail|Not Armable
14:42:10.332,15.18,9900.0,11,FIX_3D,-0.13,0.0,0.0,0.0,OFFBOARD,False,Gyro Fail|Accel Fail|Mag Fail|Not Armable
14:42:10.432,15.18,9900.0,11,FIX_3D,-0.13,0.0,0.0,0.0,OFFBOARD,False,Gyro Fail|Accel Fail|Mag Fail|Not Armable
14:42:10.534,15.18,9900.0,11,FIX_3D,-0.15,0.0,0.0,0.0,OFFBOARD,False,Gyro Fail|Accel Fail|Mag Fail|Not Armable
14:42:10.634,15.18,9900.0,11,FIX_3D,-0.15,0.0,0.0,0.0,OFFBOARD,False,Gyro Fail|Accel Fail|Mag Fail|Not Armable
14:42:10.735,15.18,9900.0,11,FIX_3D,-0.18,0.0,0.0,0.0,OFFBOARD,False,Gyro Fail|Accel Fail|Mag Fail|Not Armable
14:42:10.835,15.17,9900.0,11,FIX_3D,-0.19,0.0,0.0,0.0,OFFBOARD,False,Gyro Fail|Accel Fail|Mag Fail|Not Armable
14:42:10.936,15.17,9900.0,11,FIX_3D,-0.19,0.0,0.0,0.0,OFFBOARD,False,Gyro Fail|Accel Fail|Mag Fail|Not Armable
14:42:11.037,15.17,9900.0,11,FIX_3D,-0.19,0.0,0.0,0.0,OFFBOARD,False,Gyro Fail|Accel Fail|Mag Fail|Not Armable
14:42:11.137,15.17,9900.0,11,FIX_3D,-0.21,0.0,0.0,0.0,OFFBOARD,False,Gyro Fail|Accel Fail|Mag Fail|Not Armable
14:42:11.237,15.17,9900.0,11,FIX_3D,-0.21,0.0,0.0,0.0,OFFBOARD,False,Gyro Fail|Accel Fail|Mag Fail|Not Armable
14:42:11.338,15.17,9900.0,11,FIX_3D,-0.22,0.0,0.0,0.0,OFFBOARD,False,Gyro Fail|Accel Fail|Mag Fail|Not Armable
14:42:11.439,15.17,9900.0,11,FIX_3D,-0.22,0.0,0.0,0.0,OFFBOARD,False,Gyro Fail|Accel Fail|Mag Fail|Not Armable
14:42:11.540,15.17,9900.0,11,FIX_3D,-0.23,0.0,0.0,0.0,OFFBOARD,False,Gyro Fail|Accel Fail|Mag Fail|Not Armable
14:42:11.642,15.17,9900.0,11,FIX_3D,-0.24,0.0,0.0,0.0,OFFBOARD,False,Gyro Fail|Accel Fail|Mag Fail|Not Armable
14:42:11.742,15.17,9900.0,11,FIX_3D,-0.24,0.0,0.0,0.0,OFFBOARD,False,Gyro Fail|Accel Fail|Mag Fail|Not Armable
14:42:11.842,15.17,9900.0,11,FIX_3D,-0.24,0.0,0.0,0.0,OFFBOARD,False,Gyro Fail|Accel Fail|Mag Fail|Not Armable
14:42:11.943,15.18,9900.0,11,FIX_3D,-0.25,0.0,0.0,0.0,OFFBOARD,False,Gyro Fail|Accel Fail|Mag Fail|Not Armable
14:42:12.043,15.18,9900.0,11,FIX_3D,-0.25,0.0,0.0,0.0,OFFBOARD,False,Gyro Fail|Accel Fail|Mag Fail|Not Armable
14:42:12.144,15.18,9900.0,11,FIX_3D,-0.24,0.0,0.0,0.0,OFFBOARD,False,Gyro Fail|Accel Fail|Mag Fail|Not Armable
14:42:12.244,15.18,9900.0,11,FIX_3D,-0.24,0.0,0.0,0.0,OFFBOARD,False,Gyro Fail|Accel Fail|Mag Fail|Not Armable
14:42:12.344,15.18,9900.0,11,FIX_3D,-0.24,0.0,0.0,0.0,OFFBOARD,False,Gyro Fail|Accel Fail|Mag Fail|Not Armable
14:42:12.444,15.18,9900.0,11,FIX_3D,-0.25,0.0,0.0,0.0,OFFBOARD,False,Gyro Fail|Accel Fail|Mag Fail|Not Armable
14:42:12.545,15.18,9900.0,11,FIX_3D,-0.25,0.0,0.0,0.0,OFFBOARD,False,Gyro Fail|Accel Fail|Mag Fail|Not Armable
14:42:12.645,15.18,9900.0,11,FIX_3D,-0.25,0.0,0.0,0.0,OFFBOARD,False,Gyro Fail|Accel Fail|Mag Fail|Not Armable
14:42:12.747,15.18,9900.0,11,FIX_3D,-0.25,0.0,0.0,0.0,OFFBOARD,False,Gyro Fail|Accel Fail|Mag Fail|Not Armable
14:42:12.847,15.18,9900.0,11,FIX_3D,-0.25,0.0,0.0,0.0,OFFBOARD,False,Gyro Fail|Accel Fail|Mag Fail|Not Armable
14:42:12.947,15.18,9900.0,11,FIX_3D,-0.25,0.0,0.0,0.0,OFFBOARD,False,Gyro Fail|Accel Fail|Mag Fail|Not Armable
14:42:13.047,15.18,9900.0,11,FIX_3D,-0.25,0.0,0.0,0.0,OFFBOARD,False,Gyro Fail|Accel Fail|Mag Fail|Not Armable
14:42:13.148,15.18,9900.0,12,FIX_3D,-0.27,0.0,0.0,0.0,OFFBOARD,False,Gyro Fail|Accel Fail|Mag Fail|Not Armable
14:42:13.248,15.18,9900.0,12,FIX_3D,-0.29,0.0,0.0,0.0,OFFBOARD,False,Gyro Fail|Accel Fail|Mag Fail|Not Armable
14:42:13.349,15.18,9900.0,12,FIX_3D,-0.29,0.0,0.0,0.0,OFFBOARD,False,Gyro Fail|Accel Fail|Mag Fail|Not Armable
14:42:13.449,15.18,9900.0,12,FIX_3D,-0.29,0.0,0.0,0.0,OFFBOARD,False,Gyro Fail|Accel Fail|Mag Fail|Not Armable
14:42:13.550,15.18,9900.0,12,FIX_3D,-0.3,0.0,0.0,0.0,OFFBOARD,False,Gyro Fail|Accel Fail|Mag Fail|Not Armable
14:42:13.650,15.18,9900.0,12,FIX_3D,-0.3,0.0,0.0,0.0,OFFBOARD,False,Gyro Fail|Accel Fail|Mag Fail|Not Armable
14:42:13.751,15.18,9900.0,12,FIX_3D,-0.32,0.0,0.0,0.0,OFFBOARD,False,Gyro Fail|Accel Fail|Mag Fail|Not Armable
14:42:13.852,15.18,9900.0,12,FIX_3D,-0.33,0.0,0.0,0.0,OFFBOARD,False,Gyro Fail|Accel Fail|Mag Fail|Not Armable
14:42:13.952,15.18,9900.0,12,FIX_3D,-0.33,0.0,0.0,0.0,OFFBOARD,False,Gyro Fail|Accel Fail|Mag Fail|Not Armable
14:42:14.052,15.18,9900.0,12,FIX_3D,-0.35,0.0,0.0,0.0,OFFBOARD,False,Gyro Fail|Accel Fail|Mag Fail|Not Armable
14:42:14.154,15.18,9900.0,11,FIX_3D,-0.35,0.0,0.0,0.0,OFFBOARD,False,Gyro Fail|Accel Fail|Mag Fail|Not Armable
14:42:14.254,15.18,9900.0,11,FIX_3D,-0.35,0.0,0.0,0.0,OFFBOARD,False,Gyro Fail|Accel Fail|Mag Fail|Not Armable
14:42:14.355,15.18,9900.0,11,FIX_3D,-0.37,0.0,0.0,0.0,OFFBOARD,False,Gyro Fail|Accel Fail|Mag Fail|Not Armable
14:42:14.456,15.18,9900.0,11,FIX_3D,-0.37,0.0,0.0,0.0,OFFBOARD,False,Gyro Fail|Accel Fail|Mag Fail|Not Armable
14:42:14.556,15.18,9900.0,11,FIX_3D,-0.39,0.0,0.0,0.0,OFFBOARD,False,Gyro Fail|Accel Fail|Mag Fail|Not Armable
14:42:14.657,15.18,9900.0,11,FIX_3D,-0.39,0.0,0.0,0.0,OFFBOARD,False,Gyro Fail|Accel Fail|Mag Fail|Not Armable
14:42:14.757,15.18,9900.0,11,FIX_3D,-0.39,0.0,0.0,0.0,OFFBOARD,False,Gyro Fail|Accel Fail|Mag Fail|Not Armable
14:42:14.858,15.18,9900.0,11,FIX_3D,-0.39,0.0,0.0,0.0,OFFBOARD,False,Gyro Fail|Accel Fail|Mag Fail|Not Armable
14:42:14.959,15.18,9900.0,11,FIX_3D,-0.4,0.0,0.0,0.0,OFFBOARD,False,Gyro Fail|Accel Fail|Mag Fail|Not Armable
14:42:15.059,15.18,9900.0,11,FIX_3D,-0.4,0.0,0.0,0.0,OFFBOARD,False,Gyro Fail|Accel Fail|Mag Fail|Not Armable
14:42:15.160,15.18,9900.0,11,FIX_3D,-0.41,0.0,0.0,0.0,OFFBOARD,False,Gyro Fail|Accel Fail|Mag Fail|Not Armable
14:42:15.261,15.18,9900.0,11,FIX_3D,-0.41,0.0,0.0,0.0,OFFBOARD,False,Gyro Fail|Accel Fail|Mag Fail|Not Armable
14:42:15.362,15.18,9900.0,11,FIX_3D,-0.4,0.0,0.0,0.0,OFFBOARD,False,Gyro Fail|Accel Fail|Mag Fail|Not Armable
14:42:15.463,15.18,9900.0,11,FIX_3D,-0.4,0.0,0.0,0.0,OFFBOARD,False,Gyro Fail|Accel Fail|Mag Fail|Not Armable
14:42:15.563,15.18,9900.0,11,FIX_3D,-0.4,0.0,0.0,0.0,OFFBOARD,False,Gyro Fail|Accel Fail|Mag Fail|Not Armable
14:42:15.663,15.18,9900.0,11,FIX_3D,-0.4,0.0,0.0,0.0,OFFBOARD,False,Gyro Fail|Accel Fail|Mag Fail|Not Armable
14:42:15.765,15.18,9900.0,11,FIX_3D,-0.39,0.0,0.0,0.0,OFFBOARD,False,Gyro Fail|Accel Fail|Mag Fail|Not Armable
14:42:15.865,15.18,9900.0,11,FIX_3D,-0.39,0.0,0.0,0.0,OFFBOARD,False,Gyro Fail|Accel Fail|Mag Fail|Not Armable
14:42:15.965,15.17,9900.0,11,FIX_3D,-0.39,0.0,0.0,0.0,OFFBOARD,False,Gyro Fail|Accel Fail|Mag Fail|Not Armable
14:42:16.065,15.17,9900.0,11,FIX_3D,-0.39,0.0,0.0,0.0,OFFBOARD,False,Gyro Fail|Accel Fail|Mag Fail|Not Armable
14:42:16.166,15.17,9900.0,11,FIX_3D,-0.38,0.0,0.0,0.0,OFFBOARD,False,Gyro Fail|Accel Fail|Mag Fail|Not Armable
14:42:16.267,15.17,9900.0,11,FIX_3D,-0.37,0.0,0.0,0.0,OFFBOARD,False,Gyro Fail|Accel Fail|Mag Fail|Not Armable
14:42:16.367,15.17,9900.0,11,FIX_3D,-0.37,0.0,0.0,0.0,OFFBOARD,False,Gyro Fail|Accel Fail|Mag Fail|Not Armable
14:42:16.468,15.17,9900.0,11,FIX_3D,-0.36,0.0,0.0,0.0,OFFBOARD,False,Gyro Fail|Accel Fail|Mag Fail|Not Armable
14:42:16.568,15.17,9900.0,11,FIX_3D,-0.36,0.0,0.0,0.0,OFFBOARD,False,Gyro Fail|Accel Fail|Mag Fail|Not Armable
14:42:16.670,15.17,9900.0,12,FIX_3D,-0.36,0.0,0.0,0.0,OFFBOARD,False,Gyro Fail|Accel Fail|Mag Fail|Not Armable
14:42:16.772,15.17,9900.0,12,FIX_3D,-0.33,0.0,0.0,0.0,OFFBOARD,False,Gyro Fail|Accel Fail|Mag Fail|Not Armable
14:42:16.872,15.17,9900.0,12,FIX_3D,-0.29,0.0,0.0,0.0,OFFBOARD,False,Gyro Fail|Accel Fail|Mag Fail|Not Armable
14:42:16.972,15.17,9900.0,12,FIX_3D,-0.29,0.0,0.0,0.0,OFFBOARD,False,Gyro Fail|Accel Fail|Mag Fail|Not Armable
14:42:17.073,15.17,9900.0,12,FIX_3D,-0.25,0.0,0.0,0.0,OFFBOARD,False,Gyro Fail|Accel Fail|Mag Fail|Not Armable
14:42:17.173,15.17,9900.0,12,FIX_3D,-0.25,0.0,0.0,0.0,OFFBOARD,False,Gyro Fail|Accel Fail|Mag Fail|Not Armable
14:42:17.274,15.17,9900.0,12,FIX_3D,-0.25,0.0,0.0,0.0,OFFBOARD,False,Gyro Fail|Accel Fail|Mag Fail|Not Armable
14:42:17.375,15.17,9900.0,12,FIX_3D,-0.23,0.0,0.0,0.0,OFFBOARD,False,Gyro Fail|Accel Fail|Mag Fail|Not Armable
14:42:17.476,15.17,9900.0,12,FIX_3D,-0.23,0.0,0.0,0.0,OFFBOARD,False,Gyro Fail|Accel Fail|Mag Fail|Not Armable
14:42:17.577,15.17,9900.0,12,FIX_3D,-0.21,0.0,0.0,0.0,OFFBOARD,False,Gyro Fail|Accel Fail|Mag Fail|Not Armable
14:42:17.677,15.17,9900.0,12,FIX_3D,-0.2,0.0,0.0,0.0,OFFBOARD,False,Gyro Fail|Accel Fail|Mag Fail|Not Armable
14:42:17.777,15.17,9900.0,12,FIX_3D,-0.2,0.0,0.0,0.0,OFFBOARD,False,Gyro Fail|Accel Fail|Mag Fail|Not Armable
14:42:17.877,15.17,9900.0,12,FIX_3D,-0.2,0.0,0.0,0.0,OFFBOARD,False,Gyro Fail|Accel Fail|Mag Fail|Not Armable
14:42:17.979,15.18,9900.0,12,FIX_3D,-0.18,0.0,0.0,0.0,OFFBOARD,False,Gyro Fail|Accel Fail|Mag Fail|Not Armable
14:42:18.079,15.18,9900.0,12,FIX_3D,-0.18,0.0,0.0,0.0,OFFBOARD,False,Gyro Fail|Accel Fail|Mag Fail|Not Armable
14:42:18.179,15.18,9900.0,12,FIX_3D,-0.17,0.0,0.0,0.0,OFFBOARD,False,Gyro Fail|Accel Fail|Mag Fail|Not Armable
14:42:18.280,15.18,9900.0,12,FIX_3D,-0.17,0.0,0.0,0.0,OFFBOARD,False,Gyro Fail|Accel Fail|Mag Fail|Not Armable
14:42:18.381,15.18,9900.0,12,FIX_3D,-0.17,0.0,0.0,0.0,OFFBOARD,False,Gyro Fail|Accel Fail|Mag Fail|Not Armable
14:42:18.482,15.18,9900.0,12,FIX_3D,-0.2,0.0,0.0,0.0,OFFBOARD,False,Gyro Fail|Accel Fail|Mag Fail|Not Armable
14:42:18.583,15.18,9900.0,12,FIX_3D,-0.2,0.0,0.0,0.0,OFFBOARD,False,Gyro Fail|Accel Fail|Mag Fail|Not Armable
14:42:18.683,15.18,9900.0,12,FIX_3D,-0.24,0.0,0.0,0.0,OFFBOARD,False,Gyro Fail|Accel Fail|Mag Fail|Not Armable
14:42:18.784,15.18,9900.0,12,FIX_3D,-0.24,0.0,0.0,0.0,OFFBOARD,False,Gyro Fail|Accel Fail|Mag Fail|Not Armable
14:42:18.884,15.18,9900.0,12,FIX_3D,-0.24,0.0,0.0,0.0,OFFBOARD,False,Gyro Fail|Accel Fail|Mag Fail|Not Armable
14:42:18.985,15.18,9900.0,12,FIX_3D,-0.28,0.0,0.0,0.0,OFFBOARD,False,Gyro Fail|Accel Fail|Mag Fail|Not Armable
14:42:19.086,15.18,9900.0,12,FIX_3D,-0.28,0.0,0.0,0.0,OFFBOARD,False,Gyro Fail|Accel Fail|Mag Fail|Not Armable
14:42:19.186,15.18,9900.0,12,FIX_3D,-0.32,0.0,0.0,0.0,OFFBOARD,False,Gyro Fail|Accel Fail|Mag Fail|Not Armable
14:42:19.288,15.18,9900.0,12,FIX_3D,-0.35,0.0,0.0,0.0,OFFBOARD,False,Gyro Fail|Accel Fail|Mag Fail|Not Armable
14:42:19.388,15.18,9900.0,12,FIX_3D,-0.35,0.0,0.0,0.0,OFFBOARD,False,Gyro Fail|Accel Fail|Mag Fail|Not Armable
14:42:19.490,15.18,9900.0,12,FIX_3D,-0.37,0.0,0.0,0.0,OFFBOARD,False,Gyro Fail|Accel Fail|Mag Fail|Not Armable
14:42:19.590,15.18,9900.0,12,FIX_3D,-0.37,0.0,0.0,0.0,OFFBOARD,False,Gyro Fail|Accel Fail|Mag Fail|Not Armable
14:42:19.690,15.18,9900.0,12,FIX_3D,-0.37,0.0,0.0,0.0,OFFBOARD,False,Gyro Fail|Accel Fail|Mag Fail|Not Armable
14:42:19.791,15.18,9900.0,12,FIX_3D,-0.37,0.0,0.0,0.0,OFFBOARD,False,Gyro Fail|Accel Fail|Mag Fail|Not Armable
14:42:19.892,15.18,9900.0,12,FIX_3D,-0.37,0.0,0.0,0.0,OFFBOARD,False,Gyro Fail|Accel Fail|Mag Fail|Not Armable
14:42:19.992,15.18,9900.0,12,FIX_3D,-0.37,0.0,0.0,0.0,OFFBOARD,False,Gyro Fail|Accel Fail|Mag Fail|Not Armable
14:42:20.093,15.18,9900.0,12,FIX_3D,-0.36,0.0,0.0,0.0,OFFBOARD,False,Gyro Fail|Accel Fail|Mag Fail|Not Armable
14:42:20.193,15.18,9900.0,12,FIX_3D,-0.36,0.0,0.0,0.0,OFFBOARD,False,Gyro Fail|Accel Fail|Mag Fail|Not Armable
14:42:20.293,15.18,9900.0,12,FIX_3D,-0.34,0.0,0.0,0.0,OFFBOARD,False,Gyro Fail|Accel Fail|Mag Fail|Not Armable
14:42:20.393,15.18,9900.0,12,FIX_3D,-0.34,0.0,0.0,0.0,OFFBOARD,False,Gyro Fail|Accel Fail|Mag Fail|Not Armable
14:42:20.493,15.18,9900.0,12,FIX_3D,-0.34,0.0,0.0,0.0,OFFBOARD,False,Gyro Fail|Accel Fail|Mag Fail|Not Armable
14:42:20.593,15.18,9900.0,12,FIX_3D,-0.33,0.0,0.0,0.0,OFFBOARD,False,Gyro Fail|Accel Fail|Mag Fail|Not Armable
14:42:20.693,15.18,9900.0,12,FIX_3D,-0.31,0.0,0.0,0.0,OFFBOARD,False,Gyro Fail|Accel Fail|Mag Fail|Not Armable
14:42:20.793,15.18,9900.0,12,FIX_3D,-0.31,0.0,0.0,0.0,OFFBOARD,False,Gyro Fail|Accel Fail|Mag Fail|Not Armable
14:42:20.895,15.18,9900.0,12,FIX_3D,-0.29,0.0,0.0,0.0,OFFBOARD,False,Gyro Fail|Accel Fail|Mag Fail|Not Armable
14:42:20.995,15.18,9900.0,12,FIX_3D,-0.29,0.0,0.0,0.0,OFFBOARD,False,Gyro Fail|Accel Fail|Mag Fail|Not Armable
14:42:21.095,15.18,9900.0,12,FIX_3D,-0.28,0.0,0.0,0.0,OFFBOARD,False,Gyro Fail|Accel Fail|Mag Fail|Not Armable
14:42:21.196,15.18,9900.0,12,FIX_3D,-0.28,0.0,0.0,0.0,OFFBOARD,False,Gyro Fail|Accel Fail|Mag Fail|Not Armable
14:42:21.296,15.18,9900.0,12,FIX_3D,-0.28,0.0,0.0,0.0,OFFBOARD,False,Gyro Fail|Accel Fail|Mag Fail|Not Armable
14:42:21.396,15.18,9900.0,12,FIX_3D,-0.27,0.0,0.0,0.0,OFFBOARD,False,Gyro Fail|Accel Fail|Mag Fail|Not Armable
14:42:21.497,15.18,9900.0,12,FIX_3D,-0.26,0.0,0.0,0.0,OFFBOARD,False,Gyro Fail|Accel Fail|Mag Fail|Not Armable
14:42:21.597,15.18,9900.0,12,FIX_3D,-0.26,0.0,0.0,0.0,OFFBOARD,False,Gyro Fail|Accel Fail|Mag Fail|Not Armable
14:42:21.698,15.18,9900.0,12,FIX_3D,-0.24,0.0,0.0,0.0,OFFBOARD,False,Gyro Fail|Accel Fail|Mag Fail|Not Armable
14:42:21.798,15.18,9900.0,12,FIX_3D,-0.24,0.0,0.0,0.0,OFFBOARD,False,Gyro Fail|Accel Fail|Mag Fail|Not Armable
14:42:21.898,15.18,9900.0,12,FIX_3D,-0.24,0.0,0.0,0.0,OFFBOARD,False,Gyro Fail|Accel Fail|Mag Fail|Not Armable
14:42:21.998,15.18,9900.0,12,FIX_3D,-0.21,0.0,0.0,0.0,OFFBOARD,False,Gyro Fail|Accel Fail|Mag Fail|Not Armable
14:42:22.099,15.18,9900.0,12,FIX_3D,-0.21,0.0,0.0,0.0,OFFBOARD,False,Gyro Fail|Accel Fail|Mag Fail|Not Armable
14:42:22.199,15.18,9900.0,12,FIX_3D,-0.18,0.0,0.0,0.0,OFFBOARD,False,Gyro Fail|Accel Fail|Mag Fail|Not Armable
14:42:22.300,15.18,9900.0,12,FIX_3D,-0.15,0.0,0.0,0.0,OFFBOARD,False,Gyro Fail|Accel Fail|Mag Fail|Not Armable
14:42:22.400,15.18,9900.0,12,FIX_3D,-0.15,0.0,0.0,0.0,OFFBOARD,False,Gyro Fail|Accel Fail|Mag Fail|Not Armable
14:42:22.500,15.18,9900.0,12,FIX_3D,-0.13,0.0,0.0,0.0,OFFBOARD,False,Gyro Fail|Accel Fail|Mag Fail|Not Armable
14:42:22.600,15.18,9900.0,12,FIX_3D,-0.13,0.0,0.0,0.0,OFFBOARD,False,Gyro Fail|Accel Fail|Mag Fail|Not Armable
14:42:22.701,15.18,9900.0,12,FIX_3D,-0.1,0.0,0.0,0.0,OFFBOARD,False,Gyro Fail|Accel Fail|Mag Fail|Not Armable
14:42:22.801,15.18,9900.0,12,FIX_3D,-0.1,0.0,0.0,0.0,OFFBOARD,False,Gyro Fail|Accel Fail|Mag Fail|Not Armable
14:42:22.901,15.18,9900.0,12,FIX_3D,-0.09,0.0,0.0,0.0,OFFBOARD,False,Gyro Fail|Accel Fail|Mag Fail|Not Armable
14:42:23.003,15.18,9900.0,12,FIX_3D,-0.09,0.0,0.0,0.0,OFFBOARD,False,Gyro Fail|Accel Fail|Mag Fail|Not Armable
14:42:23.104,15.18,9900.0,12,FIX_3D,-0.08,0.0,0.0,0.0,OFFBOARD,False,Gyro Fail|Accel Fail|Mag Fail|Not Armable
14:42:23.204,15.18,9900.0,12,FIX_3D,-0.08,0.0,0.0,0.0,OFFBOARD,False,Gyro Fail|Accel Fail|Mag Fail|Not Armable
14:42:23.305,15.18,9900.0,12,FIX_3D,-0.09,0.0,0.0,0.0,OFFBOARD,False,Gyro Fail|Accel Fail|Mag Fail|Not Armable
14:42:23.406,15.18,9900.0,12,FIX_3D,-0.09,0.0,0.0,0.0,OFFBOARD,False,Gyro Fail|Accel Fail|Mag Fail|Not Armable
14:42:23.506,15.18,9900.0,12,FIX_3D,-0.1,0.0,0.0,0.0,OFFBOARD,False,Gyro Fail|Accel Fail|Mag Fail|Not Armable
14:42:23.606,15.18,9900.0,12,FIX_3D,-0.1,0.0,0.0,0.0,OFFBOARD,False,Gyro Fail|Accel Fail|Mag Fail|Not Armable
14:42:23.707,15.18,9900.0,12,FIX_3D,-0.11,0.0,0.0,0.0,OFFBOARD,False,Gyro Fail|Accel Fail|Mag Fail|Not Armable
14:42:23.807,15.18,9900.0,12,FIX_3D,-0.11,0.0,0.0,0.0,OFFBOARD,False,Gyro Fail|Accel Fail|Mag Fail|Not Armable
14:42:23.907,15.1,9900.0,12,FIX_3D,-0.12,0.0,0.0,0.0,OFFBOARD,False,Gyro Fail|Accel Fail|Mag Fail|Not Armable
14:42:24.007,15.1,9900.0,12,FIX_3D,-0.12,0.0,0.0,0.0,OFFBOARD,False,Gyro Fail|Accel Fail|Mag Fail|Not Armable
14:42:24.108,15.1,9900.0,12,FIX_3D,-0.13,0.0,0.0,0.0,OFFBOARD,False,Gyro Fail|Accel Fail|Mag Fail|Not Armable
14:42:24.208,15.1,9900.0,12,FIX_3D,-0.13,0.0,0.0,0.0,OFFBOARD,False,Gyro Fail|Accel Fail|Mag Fail|Not Armable
14:42:24.308,15.1,9900.0,12,FIX_3D,-0.13,0.0,0.0,0.0,OFFBOARD,False,Gyro Fail|Accel Fail|Mag Fail|Not Armable
14:42:24.409,15.1,9900.0,12,FIX_3D,-0.13,0.0,0.0,0.0,OFFBOARD,False,Gyro Fail|Accel Fail|Mag Fail|Not Armable
14:42:24.509,15.1,9900.0,12,FIX_3D,-0.14,0.0,0.0,0.0,OFFBOARD,False,Gyro Fail|Accel Fail|Mag Fail|Not Armable
14:42:24.610,15.1,9900.0,12,FIX_3D,-0.14,0.0,0.0,0.0,OFFBOARD,False,Gyro Fail|Accel Fail|Mag Fail|Not Armable
14:42:24.710,15.1,9900.0,12,FIX_3D,-0.15,0.0,0.0,0.0,OFFBOARD,False,Gyro Fail|Accel Fail|Mag Fail|Not Armable
14:42:24.810,15.1,9900.0,12,FIX_3D,-0.15,0.0,0.0,0.0,OFFBOARD,False,Gyro Fail|Accel Fail|Mag Fail|Not Armable
14:42:24.910,15.1,9900.0,12,FIX_3D,-0.15,0.0,0.0,0.0,OFFBOARD,False,Gyro Fail|Accel Fail|Mag Fail|Not Armable
14:42:25.010,15.18,9900.0,12,FIX_3D,-0.15,0.0,0.0,0.0,OFFBOARD,False,Gyro Fail|Accel Fail|Mag Fail|Not Armable
